Location,Country Code,Indicator,2000,2001,2002,2003,2004,2005,2006,2007,2008,2009,2010,2011,2012,2013,2014,2015,2016,2017,2018,2019,2020,2021,A,B,C,R_squared
World,WLD,CO2 Emissions Per Capita,13.108818290494256,13.071031640147524,13.259467312927699,13.582641730666472,14.115055218420258,14.424250369664387,14.756433401785944,15.04639427442923,14.92716979511312,14.584349374189532,15.172758568605204,15.340790232157755,15.36211256253801,15.467163860442504,15.454925687068117,15.27867919000596,15.110401269062107,15.220449498490789,15.440100801782211,15.279819176398,14.172062340151854,14.877242426058068,0.2822059531245049,-24.073959066792,-546.2845681080191,0.9234958369186677
World,WLD,Renewable vs Non-Renewable Energy Generation,0.22382491302237947,0.21670596645396922,0.21573478991395875,0.20888501544484667,0.21527554394524873,0.2177374930535638,0.2199602020199972,0.21621980145993797,0.22702006937626262,0.2386728730520429,0.24120849829182486,0.24622750711745436,0.24235775380324454,0.2728506021173889,0.2854815682450587,0.2932194703751053,0.3082449129195388,0.3200087211511098,0.33094459895067735,0.3485220746682923,0.38211799792405193,0.38319255736023317,0.2822059531245049,-24.073959066792,-546.2845681080191,0.9234958369186677
Aruba,ABW,CO2 Emissions Per Capita,9.230468367358394,9.352603510822464,9.891079242980574,11.346634416025719,11.59322695103699,12.608619370680437,13.475788245507605,14.613032483701321,14.348260939222008,15.440633139136397,15.045682672088178,9.030917147144775,11.976207331165776,13.698897152021772,13.994737542714827,13.931786594665107,14.368469658828689,13.48257852407553,14.514484390630603,16.70673652317694,14.163619674438241,13.685647990838865,0.3881418866288003,-14.408908728071312,-765.9263269016282,0.5021119559712292
Aruba,ABW,Renewable vs Non-Renewable Energy Generation,0.0,0.0,0.0,0.0,0.0,0.0,0.0,0.0,0.0,0.018330248545742996,0.12739555367970715,0.13765682140241522,0.17370835376231195,0.1947428180081462,0.21359219444506972,0.2330457271354396,0.18662176836315264,0.1723329425556858,0.1716061360056612,0.17676078229959316,0.17367631239956974,0.17367631239956974,0.3881418866288003,-14.408908728071312,-765.9263269016282,0.5021119559712292
Afghanistan,AFG,CO2 Emissions Per Capita,0.04603214852267686,0.15733988166369303,0.1442879396803544,0.14751865995028512,0.12457184481439766,0.17379006300839644,0.1920877381957056,0.25748440092635294,0.5064594370746592,0.7981993932366725,0.9772621798508336,1.3487223313136854,1.1097425631954385,0.8879125482793002,0.796868590371562,0.8248006711244957,0.724613356710797,0.7475746508934693,0.7139201893793689,0.630487989607699,0.45592218618231506,0.4574028082222149,0.030445548153021654,-0.013873887809113954,-60.57557554484855,0.3545918257518479
Afghanistan,AFG,Renewable vs Non-Renewable Energy Generation,14.47341972187105,14.47341972187105,14.47373577749684,4.162759647959601,1.6928763887350977,1.7037020632635735,2.435902262577049,2.2290065021684633,2.005913750741337,3.913971962616823,4.4803067484662575,2.9063487332339792,3.950112359550562,4.265678119349006,5.8783164254898965,7.050264892985962,7.170903059642119,6.613074356122188,4.771005027730265,7.223943183747383,6.766364079913718,3.5944487547521144,0.030445548153021654,-0.013873887809113954,-60.57557554484855,0.3545918257518479
Angola,AGO,CO2 Emissions Per Capita,2.9954507507657344,4.386571751690087,4.255825839644228,4.425474279507637,4.3837729913897014,3.9103165772957516,3.9924281971735427,3.9944828944808535,4.21837497193604,4.343096575550188,4.3398902090528715,4.313959359722621,4.249440542614004,4.517033032773701,4.6111935560591135,4.628768778529906,4.2471161509347395,3.681443221585568,3.483717628129831,3.4922937255985333,2.9225565216145295,2.9128652885913286,-0.024738569503269164,-0.32219738170134515,54.36001738056496,0.35182233322762124
Angola,AGO,Renewable vs Non-Renewable Energy Generation,1.2493491410393331,1.2141345151693899,1.3583049830469367,1.3202164342608527,2.340000395246643,2.975544771981195,3.012852322120653,3.053839445039258,2.756258555116383,1.802289052795968,1.7714730215226793,1.9630272705818947,1.2368629415805166,0.6247879920673821,0.8202457657937885,0.7984607101423856,1.0225440074738235,1.8103484379651469,2.3064825100211093,2.5548120474602767,2.802879583872191,2.8028985837934863,-0.024738569503269164,-0.32219738170134515,54.36001738056496,0.35182233322762124
Albania,ALB,CO2 Emissions Per Capita,3.6217825719878776,3.4357006754193304,4.055147747794993,4.282704547877099,4.616440395726507,4.444335426983414,4.288872594816388,4.4509758691616925,4.497033856928715,4.6102225136711334,4.8601262033469705,5.353651316348816,4.801300389153086,5.107501153331225,5.508503516315094,5.24761519288868,5.131005778308898,5.951269217183345,5.876965482546604,5.5522114469564245,4.657909609707917,4.686171742660756,0.07919785192527176,9.76166114855118e-06,-154.45869041882438,0.6135985922936436
Albania,ALB,Renewable vs Non-Renewable Energy Generation,24.967391304347824,20.315062857142856,15.541026548672566,45.6567476635514,39.0448,76.76102857142857,58.400774193548386,38.726,0,5201.408,7567.544,70.04689830508474,0,0,0,0,0,0,0,0,0,0,0.07919785192527176,9.76166114855118e-06,-154.45869041882438,0.6135985922936436
United Arab Emirates,ARE,CO2 Emissions Per Capita,82.87534940203027,90.13939412853576,88.15795724938111,88.43374709757036,89.1625820878217,88.47136896790069,80.2820107588273,72.02765035663785,71.69875668970629,63.54428920630019,62.304881064933255,63.398844585406394,65.91554353385456,68.94947789078122,69.1409488288244,70.93557751736337,72.70238070112026,69.69740734676063,63.40765899777127,66.3015097401043,66.05911032562892,70.04187709982068,-1.528592663708553,289.6673429403557,3145.276402930764,0.653252632589342
United Arab Emirates,ARE,Renewable vs Non-Renewable Energy Generation,0.0,0.0,0.0,0.0,0.0,0.0,0.0,0.0,0.0,7.486138390749816e-05,0.0001961527447012144,0.0002259808597369623,0.00022345797659574295,0.0007842169134102567,0.0026425054598944336,0.0024077132311230167,0.0024875876232374346,0.005607933995804852,0.008930065529352911,0.027176141729973808,0.039316588570854,0.043699442288732654,-1.528592663708553,289.6673429403557,3145.276402930764,0.653252632589342
Argentina,ARG,CO2 Emissions Per Capita,13.107071302045112,13.741130723573992,12.935171535520576,13.65923629346486,14.69692680853058,14.87350780085979,15.464439172212598,16.057606612966847,16.335997254068772,15.16844439029584,16.02084007113484,15.803130338870455,15.71853588013745,15.998996590166065,15.471708768558337,15.776179211863433,14.610149883341206,14.256446030112375,13.976783071872566,13.241744581598153,12.007719218821313,13.216769510744312,-0.1798569888593315,-10.570612997860126,380.7053456446579,0.4902610301390318
Argentina,ARG,Renewable vs Non-Renewable Energy Generation,0.48936796531356624,0.7107801961319692,0.758175206812242,0.6078094566738853,0.45601479765035746,0.49632003955019144,0.522638436305591,0.4002044088654321,0.366368057508969,0.42139024100604267,0.38844142109895297,0.34677980616965204,0.30825022766621535,0.34784577747074047,0.33647976731457485,0.3137009986301217,0.28456697483159527,0.31685902963588797,0.3280372377111233,0.35668594404989146,0.36105864636379825,0.3649977922825404,-0.1798569888593315,-10.570612997860126,380.7053456446579,0.4902610301390318
Armenia,ARM,CO2 Emissions Per Capita,3.547478286255142,3.6384535753828504,3.143947665357933,3.5409066545140204,3.804716588626908,4.530298163981509,4.569712299676919,5.413817755200467,6.013273881225612,4.899981560208563,4.758896665402933,5.355464260205613,6.169562178216531,5.991464689450039,6.154027349797403,6.018954969351369,5.814754579415771,6.172246708308746,6.5529337118908595,7.186259571183741,7.842585326603004,8.170916051170668,0.20445319082397873,-1.934388086656936,-404.79981622530306,0.9039372819836525
Armenia,ARM,Renewable vs Non-Renewable Energy Generation,0.26846194784459815,0.20257059722425738,0.4292595757905369,0.5631997726626883,0.5013444876008365,0.3901628521126761,0.4434645286686103,0.45900747117906093,0.41684625188274826,0.554772739733538,0.6524705343278262,0.5050826178519359,0.40465994301795105,0.3935078079814923,0.3470295825077346,0.3953014009912505,0.47427791213220477,0.4136467931674983,0.42913219729625623,0.45718534901900965,0.31017596001215847,0.43973541926014004,0.20445319082397873,-1.934388086656936,-404.79981622530306,0.9039372819836525
Antigua and Barbuda,ATG,CO2 Emissions Per Capita,5.519777151422291,5.42200847077347,5.933905787939633,6.4299940864553315,6.5290258800876595,6.663603294144158,7.357827475122071,8.07442925648654,8.58092059674959,9.789296347031962,10.193329303926715,7.7034767943825,8.409363424732533,10.00309552866199,10.302495887310053,10.162061573698312,10.797605461331212,9.25896675775634,10.624007596097178,11.772984367706286,9.936781241906242,9.540179941857346,0.35783693007836365,-45.64828036679319,-710.34736067611,0.8445536633811654
Antigua and Barbuda,ATG,Renewable vs Non-Renewable Energy Generation,0.0,0.0,0.0,0.0,0.0,0.0,0.0,0.0,0.0,0.0004825901038485034,0.0004795144157814871,0.0014376899696048632,0.0014333333333333333,0.0019090909090909091,0.001875,0.01575,0.015843023255813955,0.01880813953488372,0.029088081548791354,0.03830064118317285,0.05206969606848194,0.05995127164430077,0.35783693007836365,-45.64828036679319,-710.34736067611,0.8445536633811654
Australia,AUS,CO2 Emissions Per Capita,59.22891877833404,60.21525078085517,60.03193865026332,61.133586362517796,61.631817441140285,62.744581269895335,63.050429936463665,63.29535106187349,62.134930695411164,61.29127255617637,59.33658073217064,57.41410576949245,56.12605649591913,53.840807123524804,52.67678795618581,52.15494351476812,51.16018737325557,50.27950050344436,50.121683291940506,49.15276265824759,46.569940870586116,45.454147867162895,-0.3749648177954483,-42.721190610355556,816.328267072101,0.8862294473912683
Australia,AUS,Renewable vs Non-Renewable Energy Generation,0.09131357911895095,0.0879635594000184,0.08524425198277383,0.09209033400434259,0.08907275769841383,0.09639601624573836,0.10247741348940281,0.09459180081388649,0.08826148683415737,0.08103328541557762,0.0940547371611674,0.11546237244337408,0.11717042646685633,0.1509427041746475,0.17087239458878864,0.15332214484935228,0.16932073450859572,0.1845949764016675,0.20507611862426878,0.24324872037557627,0.2895692860581716,0.36046005276774506,-0.3749648177954483,-42.721190610355556,816.328267072101,0.8862294473912683
Austria,AUT,CO2 Emissions Per Capita,23.749537208705522,23.46659225633784,26.193260854642013,28.044872648180004,27.15608777508375,27.902908720392706,27.8466209806424,27.126661250267773,25.79957629962209,24.310542269788666,24.41314693646271,24.00373988192777,24.128360550444242,24.204928915851195,22.507898967115345,23.14285812556934,23.279882622528405,24.358030331571257,24.33627149440627,24.27753280727754,21.119584563698627,21.648293754648527,-0.03103531453751191,-2.5692019908135117,93.0012630735053,0.6679329396575885
Austria,AUT,Renewable vs Non-Renewable Energy Generation,2.4371766757842024,2.088965804641408,2.0333460024687584,1.420393771621148,1.6313595168864594,1.5756260127165107,1.6921574800161672,1.9709283440406293,1.9950035309540097,2.1532023636953066,1.7221147753027992,1.6425732546816942,2.412517373163568,2.8262380904855817,3.2903412617505357,2.6856133323979052,2.965423905842511,2.5188485532369036,2.696211864203182,2.7873357976713646,3.2349512824540194,2.9309819730178366,-0.03103531453751191,-2.5692019908135117,93.0012630735053,0.6679329396575885
Azerbaijan,AZE,CO2 Emissions Per Capita,10.421512254305094,9.82792047563862,9.697480964396505,10.537673326532348,10.402988215855057,10.968290346109615,11.073055443954011,9.833893366389708,10.655914743478554,8.751938347265183,8.350445537230135,9.249778814252394,10.061025985328405,10.283570997624354,10.614981426477959,10.292874115444775,10.358346562426085,10.31395438426074,10.53725217864677,11.291198940612512,10.686615955461148,11.31915125121452,0.0003848693741252847,-11.650963363351138,10.725327401317074,0.38858916955873324
Azerbaijan,AZE,Renewable vs Non-Renewable Energy Generation,0.0893678997960967,0.07363178448129493,0.12109585756249626,0.13121113886379338,0.14508399599768287,0.151487690681166,0.11432463110102156,0.12134830364933531,0.1150032970995827,0.13954759028868222,0.22585695846737472,0.15189011238506073,0.08603918344978766,0.07484721301818717,0.06360410851079387,0.07998626415688607,0.09629631256837326,0.08843181218085558,0.08854472105967123,0.07906020047511444,0.057856619408087305,0.06155526879755774,0.0003848693741252847,-11.650963363351138,10.725327401317074,0.38858916955873324
Burundi,BDI,CO2 Emissions Per Capita,0.9882804991996239,0.6074131178904961,0.5829364623342855,0.5449789037354869,0.5417313640681773,0.5060619726023207,0.5110397703752453,0.556224998738138,0.4691656845784466,0.44468456245839244,0.46368930637405686,-0.04528742531118423,-0.051184310027105315,-0.03438956924017619,-0.046175443474376576,-0.03822461972184966,0.4246988678776671,0.43120078179618065,0.4702374592290302,0.46928949060189284,0.4675224084626251,0.47398118556349894,-0.015593881974969541,-0.008896325095650096,31.808872482951312,0.36110481135530526
Burundi,BDI,Renewable vs Non-Renewable Energy Generation,0,0,0,0,0,0,0,0,0,33.616769380473556,7.669194799270072,11.136148779542813,52.08760387811635,7.420949986998353,5.8678030906483984,6.198654958533696,7.547537988873206,5.2754492688916175,4.664647298235085,3.4282130475890322,2.364895780376208,1.5842189190728402,-0.015593881974969541,-0.008896325095650096,31.808872482951312,0.36110481135530526
Belgium,BEL,CO2 Emissions Per Capita,37.09332446472381,36.956175084795035,36.93726490912179,37.22210068606484,37.26950842388888,36.188965831655075,35.501139872286174,34.49057612919619,34.137931816074605,30.9104477466896,32.29639122090358,29.2783760955527,28.466372670148704,28.28501395898545,26.661917156545815,27.730405243353932,27.150743459205753,26.860343173782734,26.960618026833515,26.745210195335005,24.18312447398317,25.403015445450382,-0.5618843097645358,-7.461010300357529,1161.858155008876,0.9362872466016905
Belgium,BEL,Renewable vs Non-Renewable Energy Generation,0.012583164593578246,0.013651487059660173,0.014061360912382153,0.014286056712768763,0.01808674289776505,0.02520422778742361,0.036163542197483446,0.04119938570009566,0.05522499193501784,0.06343288125274799,0.07539101406695561,0.101323101574762,0.1450798921166861,0.1634666967643588,0.20254979577763632,0.26174073899775196,0.19986292806947215,0.22328251551720485,0.2971201880693506,0.26271434408048294,0.35560872932044846,0.29231406457621306,-0.5618843097645358,-7.461010300357529,1161.858155008876,0.9362872466016905
Benin,BEN,CO2 Emissions Per Capita,2.918963239046228,2.3773439554766815,2.4475191811978365,2.5007967412557535,2.4903786279756908,2.519497469451503,2.8126280749446213,2.9744209309207315,2.8882438140187765,2.952329581072321,3.0301028961295655,2.9128448756885907,2.7742525905030897,2.80883459465909,2.8887696413626047,2.944312174676841,3.3074202939853468,3.2633122622238466,3.44725767353509,3.2461178310563885,3.2931096172203658,3.396165201073025,0.04189885369874,0.7945143760129099,-81.32694444430457,0.7186794481237735
Benin,BEN,Renewable vs Non-Renewable Energy Generation,0.019842860092049497,0.024392898230776405,0.024762805255779074,0.02157164869029276,0.01878248145718755,0.007065278665113307,0.0,0.0,0.0016073743850238886,0.0018944753639593749,0.0,0.0,0.002761795166858458,0.0,0.0025535075908816565,0.011459729933087068,0.02010646594107076,0.016665382897108436,0.016665382897108436,0.004036421805332553,0.004036421805332553,0.00217041608719268,0.04189885369874,0.7945143760129099,-81.32694444430457,0.7186794481237735
Burkina Faso,BFA,CO2 Emissions Per Capita,1.2888125789701965,1.6286274125305598,1.595563784546545,1.5784134774370557,1.498024231685061,1.4690247901255156,1.4285226976939898,1.5035230282778278,1.5084096119763797,1.4423408937060918,1.4297871704418572,0.7966176096817309,0.8484020883346777,0.9143370093275229,0.8400959746925701,1.0052033445419624,1.890344508505046,1.9205407317394587,1.9496384650544214,1.9561112540646581,1.8939901563591728,1.909240054934049,0.012301514049190264,2.2570281342830176,-23.78700079844092,0.2834781633005946
Burkina Faso,BFA,Renewable vs Non-Renewable Energy Generation,0.3364374631955191,0.17253248898855064,0.21186694137976872,0.27502853766685215,0.2728932999811722,0.24166570455463834,0.17246739030506983,0.2222583508712435,0.28116028361753,0.23312534251523806,0.2629066256989228,0.18323660226355165,0.18498030896287562,0.1717655902627833,0.11956878639406922,0.10805445232440405,0.1734288130408968,0.1498899157847924,0.20100560497387163,0.34785410644448217,0.3967350354212497,0.37691911053818883,0.012301514049190264,2.2570281342830176,-23.78700079844092,0.2834781633005946
Bangladesh,BGD,CO2 Emissions Per Capita,0.7135143291804845,0.829316259527078,0.8521805911094591,0.871090741575696,0.9022802063481283,0.9425352953983742,0.9973552750775891,1.0352529902917895,1.129644366460769,1.1873386392833434,1.2969063394546758,1.36400428714261,1.4403586523323995,1.4931775037416541,1.5464262009128302,1.6863160873281375,1.8217308611242107,1.9361992536631336,2.0886464549323764,2.0089250255361675,1.8477455241787508,1.92655974320074,0.07588322241531756,3.7866148503165014,-151.3162587601204,0.9660331768027659
Bangladesh,BGD,Renewable vs Non-Renewable Energy Generation,0.08220156578356347,0.06886746889386514,0.05948148328548712,0.04957485146378376,0.042397870470903584,0.035263712155820276,0.03164475945868704,0.023432066121005093,0.020617312007197797,0.016172043359841105,0.021863782228171296,0.022806876624242384,0.02185207925879915,0.01974826016714901,0.01692711806662849,0.019996228307792675,0.020405199660984745,0.02002513463565515,0.01675725623978914,0.015156520967870941,0.01495766355740691,0.01594776183409488,0.07588322241531756,3.7866148503165014,-151.3162587601204,0.9660331768027659
Bulgaria,BGR,CO2 Emissions Per Capita,14.383957817656714,16.3662916859259,15.720921077926054,17.585788361827095,17.323754080156952,17.76898990791453,18.876723126574287,20.333650214211744,20.25157000296694,17.339313690896685,18.300579788060443,20.991721520187987,19.26448474504399,17.039171035282994,18.147609151961163,19.566561595995314,18.23676797456502,19.29293686413988,17.831971084138058,17.50547527975801,15.08411796945925,17.836855483550337,0.3324839090054715,-28.420374351290402,-646.637384127026,0.28916198020189243
Bulgaria,BGR,Renewable vs Non-Renewable Energy Generation,0.0687070744000209,0.03901505305196493,0.05216576683184183,0.07562176492867062,0.08159379953743406,0.1073826754757096,0.1017391455023442,0.07117016779155111,0.06960127727007033,0.09368413780301796,0.14094016193743256,0.082919615148446,0.12469016103897092,0.18730751652231428,0.1842665615023954,0.21647829834193633,0.1843009329702985,0.15529022794956032,0.2504311050460007,0.20342961991717382,0.22426697755353592,0.2766586222592475,0.3324839090054715,-28.420374351290402,-646.637384127026,0.28916198020189243
Bahrain,BHR,CO2 Emissions Per Capita,74.31310651746733,74.91196809068586,76.69179999305112,76.5594748386135,71.63406219201848,77.3184174900019,78.06129450833745,74.32939778017399,74.74420539238778,70.1832118465085,71.09961122733584,71.3366838550686,73.6845492910259,75.8884170161365,76.02885692309101,73.76568002087889,71.00537759787638,69.28634096540856,68.5574240173733,73.60906566576628,73.81974826341533,76.75706506135252,-0.20128754552959482,2713.6682305901054,478.10820814875694,0.12108761024914683
Bahrain,BHR,Renewable vs Non-Renewable Energy Generation,0.0,0.0,0.0,0.0,0.0,0.0,0.0,0.0,5.2587755817520485e-05,5.320328086898692e-05,5.1192355274945605e-05,5.0579557428872495e-05,8.189097379488838e-05,7.828507364595816e-05,0.0003473881557181193,0.0003321383382539013,0.0003319400049176297,0.00032381866154953225,0.0003202629884434202,0.00033490819927037854,0.000335701225908941,0.0003848164075957166,-0.20128754552959482,2713.6682305901054,478.10820814875694,0.12108761024914683
"Bahamas, The",BHS,CO2 Emissions Per Capita,9.382548161002294,9.394980162365831,9.948000766462474,7.340790392626074,7.902072520541319,7.642613385699994,9.430548354807977,11.340125625583648,11.61078282501137,9.55217845062042,10.77053654439658,7.118902238391321,8.676833754295782,9.662297541812524,9.598098969241722,8.960617188315673,9.76735125866214,10.48336229261691,12.665930630545454,13.956416855968381,11.793707762669419,11.352048354277706,0.12886226539994655,95.20259484482948,-249.2568754105898,0.30426294334321946
"Bahamas, The",BHS,Renewable vs Non-Renewable Energy Generation,0.0,0.0,0.0,0.0,0.0,0.0,0.0,6.856634016028496e-05,7.060563588856964e-05,0.00014890772797265513,0.00023900573613766732,0.0007134158532817129,0.0009506775150811278,0.001125901756241166,0.0017648653782770564,0.0018770539989692776,0.002125583057408689,0.0022422578181257916,0.0021911677165785876,0.002601347279028519,0.003157205964175064,0.004831417291893225,0.12886226539994655,95.20259484482948,-249.2568754105898,0.30426294334321946
Bosnia and Herzegovina,BIH,CO2 Emissions Per Capita,11.403034255326784,10.538421920784417,11.027934567848307,11.31713117181519,12.072940628696118,12.752813048003114,14.316110057549299,15.28867459522201,17.06622622605108,17.375676142608473,18.01189346716738,19.66126196548247,18.43801956496535,18.535096503194556,16.824914721030233,17.139503112369916,20.378546671259237,21.032599808082896,21.295497051141297,20.309846506289887,20.342123819652016,19.882037871035966,0.4301679851128642,-3.916621997043604,-845.734667468871,0.8812974694261841
Bosnia and Herzegovina,BIH,Renewable vs Non-Renewable Energy Generation,0.9548266166822867,0.9494227597581089,0.9548667754214247,0.6653534368070954,0.8859433990220773,0.908290127195639,0.7807530104361787,0.5117829377806286,0.4965161685198409,0.6743782965845223,0.9015329664158149,0.41099072773250916,0.42675629820051414,0.7234012592444533,0.5360852272727273,0.5088778093752867,0.46263228514981886,0.30249584026622295,0.5194290245836638,0.575945945945946,0.40921997661600135,0.6331277533039648,0.4301679851128642,-3.916621997043604,-845.734667468871,0.8812974694261841
Belarus,BLR,CO2 Emissions Per Capita,13.180344471777964,13.023700910475439,13.244169504319473,13.912331624194929,14.71929319508669,14.943357482034974,15.640748997909826,14.98577182274612,15.948339449946658,14.9537126498869,15.217433058838221,15.066282963963026,15.632314863092786,16.05505992622636,15.791659441827631,14.371536416259634,14.634364197800089,15.382755708353189,16.078389824855638,16.511509537081523,15.297715298543107,15.43158307330704,0.17353010557596188,-48.5422269794667,-333.4304800810891,0.5562385963863239
Belarus,BLR,Renewable vs Non-Renewable Energy Generation,0.0010738666871212702,0.0012383653577277994,0.0011462519393044992,0.0011042896349486822,0.001101488324352066,0.0012029491656965464,0.0012144273439712962,0.0015811699550017306,0.0021078770550393136,0.003472766162211169,0.0037515027800442023,0.004331297453540818,0.005562837043627253,0.008522536856700605,0.007392293345465657,0.008316142028636673,0.011816613784110152,0.022333461686561418,0.020263555951010155,0.02567654364797729,0.03620870406709497,0.034880782774656595,0.17353010557596188,-48.5422269794667,-333.4304800810891,0.5562385963863239
Belize,BLZ,CO2 Emissions Per Capita,28.72806201592306,14.65946715235792,14.172306021008879,13.825428235819967,13.2942267414599,13.057428536781096,12.908936739988016,12.5217510540998,12.141648553510146,12.171474645973053,12.229506972859866,17.91907442237314,17.692665479930813,17.79405263310588,17.321373973633047,17.25302556193747,16.32024853735098,16.165922301724343,15.73522026299121,15.567894676107379,15.024008437130464,15.102994555421956,-0.06464735032645541,0.09983179275289988,144.9625913343553,0.008897329670815579
Belize,BLZ,Renewable vs Non-Renewable Energy Generation,0.8334960994952286,1.3070026439005658,1.238410129152332,0.518850987432675,0.6323064697946887,0.7599448708247757,3.4629256098612187,3.1330557764575633,5.9398767512904245,2.1610591609970284,8.734687604067936,10.00809764459024,6.845775653080183,9.417354562498252,9.084495467036495,6.745517280389162,6.382514404201438,6.513301098048094,3.9197778182480425,1.5110669018167173,16.50991241660606,13.00678026585779,-0.06464735032645541,0.09983179275289988,144.9625913343553,0.008897329670815579
Bolivia,BOL,CO2 Emissions Per Capita,11.880175846560133,9.381438964112396,9.403374922856177,9.438739397317855,9.475847429098012,9.497599916202677,9.654223041618467,9.915886319357375,10.045238495604465,10.15842395956669,10.366810706456937,10.901120673943268,11.0518242927872,11.24238868652596,11.474969771146561,11.464829564696753,12.379571872451558,12.342130595924127,12.24647786054939,12.07406256680746,10.900338538719565,11.78265324643329,0.1310930773526965,0.3003935205712491,-252.95824514647683,0.5598202392055036
Bolivia,BOL,Renewable vs Non-Renewable Energy Generation,1.034157000096398,0.9871030417794,0.9487799340615831,0.7308369520087389,0.7898023113219739,0.5847044991528028,0.5925971079423501,0.5975357851518139,0.5338803038544582,0.49940901301659685,0.42789568637009096,0.4702957356445084,0.42879276331783694,0.4483186465047806,0.35885231243928234,0.3911402798580271,0.2593649135494931,0.33304968828830067,0.4249644268661484,0.5726908192108844,0.5551737169424629,0.6195268096397014,0.1310930773526965,0.3003935205712491,-252.95824514647683,0.5598202392055036
Brazil,BRA,CO2 Emissions Per Capita,12.179726431902392,12.463533606724006,12.320168073161362,12.075842931268664,12.290435226671889,12.192860998840594,12.148660132754951,12.324931369344059,12.543662936663601,12.013539926595518,12.782102442466368,8.820815883036575,9.366001194813178,9.723796204938061,10.028646626473604,9.467101554424145,9.462188794255397,9.562046751727154,9.115174806931257,9.042170152570124,8.625915630164961,9.415494485278172,-0.19324171936498014,0.06434076213392673,398.9823276989243,0.7346726505332359
Brazil,BRA,Renewable vs Non-Renewable Energy Generation,8.517418613087917,5.364428891059232,6.01181511495923,6.790303554485269,6.1592080422396,6.768019530224996,6.549318591251906,7.493980145390424,5.375741161729953,8.130296610874929,5.579946224685019,6.809434993807694,4.734952120400786,3.3151064737062637,2.7424081722540907,2.8769530514322197,4.119544844478708,3.8186756485049425,4.668080565506005,4.3729543057769416,4.941200725616727,3.4179630105905248,-0.19324171936498014,0.06434076213392673,398.9823276989243,0.7346726505332359
Barbados,BRB,CO2 Emissions Per Capita,6.32474021469298,6.181527231071267,6.460521247490195,6.785586192845582,6.747184287071005,6.855197901861755,7.314334839604325,7.146708930755515,8.505484805692593,8.6353394706181,8.957521537179074,7.363570130605546,7.2438673555469455,8.617426460549366,7.582737856450433,7.853920552496918,8.350575178809185,6.863001178421632,8.065674676782702,8.877281615390105,7.589260013609174,7.384035440967282,0.14059165713557642,-27.344463744973396,-274.7897821520007,0.5002659957513742
Barbados,BRB,Renewable vs Non-Renewable Energy Generation,0.0,0.00018742442563482467,0.00018044237485448196,0.0001779768056033988,0.00017312826011683366,0.0003132585944661006,0.0003047943862950331,0.0008882704459460748,0.0008845358085150807,0.0011634872793305504,0.001512158572304339,0.0025185891325071497,0.0030296317300535216,0.0042831548275318945,0.009897313292441553,0.013588007267145315,0.013454621977349248,0.02365158901693207,0.023550395653119827,0.03529502723093161,0.05758411561953291,0.07903982422608956,0.14059165713557642,-27.344463744973396,-274.7897821520007,0.5002659957513742
Brunei Darussalam,BRN,CO2 Emissions Per Capita,48.56585813922847,47.33970486987452,46.06200325214483,53.277660362383294,48.82454071314233,47.17708243141169,66.50987374734449,62.6012391299756,66.5116363035926,65.86373161658268,60.23151350198079,58.66297085224131,57.78155530526223,56.270343274990175,54.64166693627355,48.95933436788893,51.979100003755946,53.79595652093073,55.66847459207781,52.63000389683323,67.7333662188013,68.47252275059331,0.8609968276279005,-20380.346260333878,-1671.0281782625812,0.2596772961917879
Brunei Darussalam,BRN,Renewable vs Non-Renewable Energy Generation,0.0,0.0,0.0,0.0,0.0,0.0,0.0,0.0,0.0,0.0,0.00021359514648539737,0.000436209702979871,0.00042431695025310114,0.0004270780616410954,0.00039905273069958537,0.0003122331073791329,0.0002541073466532423,0.0003765816731054513,0.0003702232406532611,0.00024251779774959664,0.0002455483547262069,0.0002518849238671639,0.8609968276279005,-20380.346260333878,-1671.0281782625812,0.2596772961917879
Bhutan,BTN,CO2 Emissions Per Capita,-9.215319837808474,-8.824377130599402,-8.453545749279538,-8.165946407889988,-7.9473299568763265,-7.5617758769106445,-7.418327913436116,-7.27419165246019,-7.077272287843047,-6.308474575663845,-5.8067680066788,2.3575163030907107,2.2676517940220062,2.4442200444786524,2.451689463127261,3.06812361793901,3.443214089556538,4.011510530721934,4.891569186821607,5.373007291594731,3.7650922607720845,4.188486767607389,0.8162251545672419,3.1352178702600335e-06,-1643.286055376006,0.879421013339698
Bhutan,BTN,Renewable vs Non-Renewable Energy Generation,7568.75,5366.638888888889,4017.452830188679,1905.6975806451615,1426.8216374269005,1461.8029239766083,2018.3633802816903,3166.2057142857147,6795.793969849246,29699.021276595748,23325.590000000004,22014.339563862926,38552.412429378535,13981.268518518518,716453.5,387374.25,0,25742.05,0,0,0,0,0.8162251545672419,3.1352178702600335e-06,-1643.286055376006,0.879421013339698
Botswana,BWA,CO2 Emissions Per Capita,31.569784611910357,30.735456978994623,30.46878306640745,29.88752043968267,29.393705089869478,29.408048316600688,28.63746883866057,28.478733152446626,28.146565400135504,27.108727738498395,25.443203310378724,25.842583608906498,24.630504345127964,26.915456825891926,28.56472008418068,27.982315374434258,26.983789166967064,27.316963851047525,27.74346181277787,26.149258843654163,24.042684222286976,24.390891712057883,-0.1970157048725911,-447.0188585639956,424.24264767177857,0.6578670866778772
Botswana,BWA,Renewable vs Non-Renewable Energy Generation,0.0,0.0,0.0,0.0,0.0,0.0,0.0,0.0,0.0,0.0,0.000409286328460877,0.000569727555888499,0.00285961190981224,0.002497004855287219,0.0012312763791700917,0.0011250968307179173,0.0018700696055684455,0.00176139108034133,0.0016967294350842418,0.001786498270936701,0.0026131515284803166,0.002375654196549719,-0.1970157048725911,-447.0188585639956,424.24264767177857,0.6578670866778772
Central African Republic,CAF,CO2 Emissions Per Capita,3.951932506449296,3.873630833183129,3.792705433381468,3.688425499338067,3.6055433421989735,3.522229944231585,3.4666045487957207,3.403373496338419,3.2809263121041594,3.2043199941286526,3.1432126767705273,3.105912943980396,3.0830073293017457,3.011060217873126,3.023369668541745,3.0615035549525214,3.017142107432093,2.9658324744068185,2.9168670664876606,2.865116184172841,2.7961668500211494,2.746138194377509,-0.0615886428213116,-0.00039306184626802256,127.21806100110982,0.987381948186506
Central African Republic,CAF,Renewable vs Non-Renewable Energy Generation,342.656,338.656,338.656,342.656,506.656,543.2239999999999,567.2239999999999,555.2239999999999,507.224,559.2239999999999,563.2239999999999,567.7919999999999,568.3599999999999,568.3599999999999,612.7130434782607,361.01041666666663,21.86451934252034,27.342917792358154,27.342917792358154,27.342917792358154,27.342917792358154,27.342917792358154,-0.0615886428213116,-0.00039306184626802256,127.21806100110982,0.987381948186506
Canada,CAN,CO2 Emissions Per Capita,56.66565596982702,55.046180091184965,56.06345751332451,57.255874193670934,56.58193568488184,56.04392275554896,54.43493499079892,56.42171123534371,54.22581858827582,50.01381001950853,51.35923388107516,51.707286128225924,50.79895164177956,50.78131529343281,49.52071818400513,50.60299306661519,48.66567639138712,48.77230211636888,49.14883648980802,48.41548241477738,42.97944693011312,43.875603301458575,-0.26979274761585514,-9.959868569557695,611.0097621655548,0.8881989519599246
Canada,CAN,Renewable vs Non-Renewable Energy Generation,1.5391500661785649,1.3838640342730701,1.4938166246705236,1.4346871660291562,1.407073578528269,1.490468462075104,1.4722428643755443,1.5163280513163642,1.5871833671101234,1.7014964576471319,1.5814696487811142,1.664370665870359,1.749947945431853,1.782715574990696,1.714609333695679,1.7825150857335925,1.8488906801373877,1.9884609017711914,1.9341807092135432,1.9276010951998672,2.0388144407801136,2.0721090905616024,-0.26979274761585514,-9.959868569557695,611.0097621655548,0.8881989519599246
Switzerland,CHE,CO2 Emissions Per Capita,20.78496587576991,20.37663364972516,19.315964872247555,19.69133669882318,19.781519536782987,19.83707105510672,19.70259156948739,18.91543042400217,19.095512594742846,18.245970334709,18.64686762069693,17.112642833942374,17.248011534775955,17.482267948855206,15.995623190223437,15.348544742729036,15.31232514595733,14.81877704204055,14.322759194881947,14.089425272294317,13.019922497793802,13.41646473130247,-0.3419081323853394,-1.3752358468117043,706.5822340651778,0.9502762251564889
Switzerland,CHE,Renewable vs Non-Renewable Energy Generation,1.2636113718653614,1.3963013200119099,1.163706688154714,1.1288895909019112,1.1270350911331646,1.179400051152764,1.0069551051098091,1.1599096950618462,1.1808288516292313,1.1784884645982499,1.2349471047688099,1.1113761108207005,1.3827021494370522,1.3772134755374978,1.3087790435734055,1.5472131270934477,1.4914806342194527,1.4911754254353062,1.2861065167052597,1.3523818670764503,1.4666253571551517,1.749000999000999,-0.3419081323853394,-1.3752358468117043,706.5822340651778,0.9502762251564889
Chile,CHL,CO2 Emissions Per Capita,10.124743873014495,8.35592096954788,8.403856081545632,8.61925173048781,9.40384162527252,9.579939574144822,9.685896649162894,11.035498024677949,11.604167390592734,10.99231822995017,11.675546497733906,10.108835220428503,10.404348999361137,11.162063135450317,9.900504978145662,10.835997868173711,12.790855531216506,12.785112021089061,12.59044968465012,13.223862171482054,11.717177789637116,13.325493261593389,0.18814584663014688,-0.5475602632893466,-366.94511976943915,0.7066243503176586
Chile,CHL,Renewable vs Non-Renewable Energy Generation,0.9611076087483633,1.2036722727974078,1.2637424795598293,1.037154761393411,0.9065571959795294,1.196214850706092,1.2618449825868632,0.8083997547516861,0.8596127675368056,0.9748821592303222,0.6825902629610131,0.6585735872855701,0.5785616729145024,0.5594159327888778,0.7550737550737551,0.7737294908560951,0.7659498622711923,0.7861416362690329,0.861549225351629,0.8496808009363396,0.950815486457367,0.956677895465922,0.18814584663014688,-0.5475602632893466,-366.94511976943915,0.7066243503176586
China,CHN,CO2 Emissions Per Capita,8.130185168471739,8.491588364885795,9.124553610651358,10.524997801579477,12.15349317687325,13.76166873460099,15.180823260648966,16.432335623775977,16.868933940971047,17.985613862256816,19.636053945806445,21.099344365962228,21.652392629560847,22.570179928032477,22.64544074352631,22.274414577041878,22.218149659647352,22.606466464467864,23.62265960760287,24.019788324432326,24.347090699384157,25.776767445790032,1.2315911220216886,-39.01176756023476,-2447.8698296502016,0.9815093016145171
China,CHN,Renewable vs Non-Renewable Energy Generation,0.19683932893054287,0.23125554853619085,0.21154594848147068,0.1750929020051285,0.19196266641940915,0.1910755474063259,0.18264158279090492,0.17817604682538754,0.2119298385768565,0.21385997293268352,0.22757769158939878,0.1992307928330236,0.24899256641889148,0.24987970838875284,0.2898896178159525,0.3115329821597724,0.3294537391700806,0.332577200669136,0.3380827318149402,0.35989142188762085,0.3817572175434396,0.3924290004300592,1.2315911220216886,-39.01176756023476,-2447.8698296502016,0.9815093016145171
Cote d'Ivoire,CIV,CO2 Emissions Per Capita,4.853004541339205,2.748748460581064,2.7389635926402423,2.4147634127677655,2.3969063480677146,2.4114070887441184,2.3383741558045332,2.281533630491934,2.355846805857744,2.2331196487318117,2.2834001575375655,2.20821073111918,2.4605331626255436,2.518781205511457,2.545638222734785,2.5965217159861185,2.559029276495685,2.59988479192866,2.5382215837318185,2.572023779091204,2.512110224755602,2.562665405026354,-0.02388800612779111,0.05188536246191818,50.5850660910218,0.09184267379375766
Cote d'Ivoire,CIV,Renewable vs Non-Renewable Energy Generation,0.5848577533703381,0.5844011632771019,0.48676774332314016,0.5664550516469866,0.4823017168968065,0.3495437538038477,0.37721689829534644,0.4878906988577465,0.5070931586582343,0.5856805898076052,0.38145964621175227,0.42011015651066697,0.3494412257895249,0.27093999134578467,0.306200806296794,0.18849701331534538,0.17865404837013668,0.2589309424752463,0.4207043453564328,0.327909604519774,0.30123930099857343,0.23032370953630796,-0.02388800612779111,0.05188536246191818,50.5850660910218,0.09184267379375766
Cameroon,CMR,CO2 Emissions Per Capita,4.544261857561236,3.665353929545977,3.5845401198426567,3.510206045299574,3.4078698735178463,3.2897628054159345,3.2034587137202597,3.2940705457184487,3.2497944505857967,3.268330679869233,3.2117545566875925,2.7045616960895598,2.6542212348172014,2.683399691626392,2.702159330992034,2.625712238914204,2.607494598979488,2.5490018424821264,2.5593662364181444,2.4684977981634795,2.419139486801731,2.4037947889136175,-0.07615380545130451,-0.0006452713810027393,156.13741169004712,0.853630900709781
Cameroon,CMR,Renewable vs Non-Renewable Energy Generation,0,0,0,0,0,0,0,9.399416090493759,15.658853781263876,8.353305604658416,7.550674203093715,7.320508415205751,6.107554338475655,4.2334761375175285,4.124331383387897,3.4939795918367342,3.495731823979592,3.8212942411975632,3.82396384605114,3.82396384605114,3.82409257384335,3.82409257384335,-0.07615380545130451,-0.0006452713810027393,156.13741169004712,0.853630900709781
"Congo, Dem. Rep.",COD,CO2 Emissions Per Capita,7.671870053196336,7.435881972668821,7.217461790023866,7.028834323294191,6.821285488328169,6.630092541823911,6.427845842981773,6.238083004278926,6.049710239438169,5.857289202845883,5.678303742358727,8.920913161627285,8.615262875083436,8.391347226636379,8.169762562893577,7.801414743097441,7.497282304840822,7.259536148625837,7.022332802345415,6.8109204600225866,6.598975800813851,6.39646301564607,-0.009131873302504126,-0.00031912532819218785,25.691893048513947,0.01201926490239491
"Congo, Dem. Rep.",COD,Renewable vs Non-Renewable Energy Generation,1001.573409052948,997.8987806914982,1020.6146651077335,999.1152497077001,999.0351182702075,999.1256777422495,999.0401161986443,999.101951991559,999.0238752415124,999.062033765214,999.084874284954,999.0758438672038,203.1381460477867,999.1303150077853,999.1942025664529,53.773426144552445,143.45355466402458,118.20895180998471,91.59442132116004,113.40725521975403,106.43602995652913,103.53863324474092,-0.009131873302504126,-0.00031912532819218785,25.691893048513947,0.01201926490239491
"Congo, Rep.",COG,CO2 Emissions Per Capita,5.866562601825763,5.624353752388142,4.495108345806473,4.900719034308001,4.80583427829203,5.051431444449375,5.215123843954471,4.778401392048033,4.837599825606501,4.947199852486241,5.024852704802559,4.782886340216081,4.554977971496143,4.975707030102736,4.845722439518522,4.963020989316375,4.87523229128268,4.693177770248139,4.91508221134036,5.200264183905421,5.10071287109092,4.9654955964951535,-0.006190636656472276,0.0001813769251563102,17.391231450762472,0.16364828080869387
"Congo, Rep.",COG,Renewable vs Non-Renewable Energy Generation,100.64,2586.2714285714283,743.9333333333334,6.550492437565951,5.3158577961351225,4.910415871804655,4.971485148514852,5.045714285714287,4.687453703703704,1.935462365591398,1.3418322167200698,1.6383914690053818,1.4283913043478262,1.1829399759903962,0.9381921895568232,0.7846480928229,0.7070328735492496,0.7485843391763208,0.6847451379178847,0.6851188508961483,0.6851538070420744,0.6851538070420744,-0.006190636656472276,0.0001813769251563102,17.391231450762472,0.16364828080869387
Colombia,COL,CO2 Emissions Per Capita,7.3853167572928164,6.98107176303957,6.6466923595041765,6.519600336789552,6.489477859463449,6.500953183988798,6.383231606968057,6.4158330734344275,6.3818228427581944,6.464251451141185,6.508769716571553,6.335268395067379,6.303496689831818,6.713324694185055,6.802457407670479,6.840467479905654,7.535141713987678,6.94995127175646,7.061934953659176,6.961471385610166,6.771333074150891,7.002718601466458,0.012021412424089934,-0.07430542830985709,-17.24753334735697,0.10298618391813985
Colombia,COL,Renewable vs Non-Renewable Energy Generation,2.701277070828291,2.7095875373786895,2.9960660868489115,3.35773868617259,3.849805395560842,3.6646321312907517,2.7429181605334203,2.8756001475990174,3.2132874329874843,1.9353174590310087,1.782907238463401,2.960349014714934,2.550942895134921,1.86904115521354,1.7282747881898584,1.5882129254323745,1.8302561213585247,3.616125619807581,2.9138888029186663,2.3149998695864644,1.8585887461781623,3.0620826628613487,0.012021412424089934,-0.07430542830985709,-17.24753334735697,0.10298618391813985
Comoros,COM,CO2 Emissions Per Capita,0.7108542044953219,0.7268705485640111,0.7286505114614692,0.8952800056074929,0.9489313549162527,0.9038306896030425,1.0440528692699012,0.7108130877177624,0.6987490444342067,0.8164260684552207,0.9340081551894446,0.8182566071356616,0.8300009480639192,0.9535740549304896,0.8394474092234667,0.8964160193696112,0.9873180753438608,1.2061682264095452,1.2960007046127013,1.4130473055148887,1.4055327984559007,1.4963826112886047,0.027264566560543158,-0.42656007244804567,-53.82118586727106,0.6162761959590819
Comoros,COM,Renewable vs Non-Renewable Energy Generation,0.0,0.0,0.11156148897400618,0.1439159530833993,0.1388734585046106,0.1319121992401857,0.14269406392694065,0.10683760683760685,0.11627906976744186,0.10775862068965518,0.07861635220125786,0.08710801393728224,0.08561643835616438,0.08912655971479501,0.09523809523809523,0.0,0.0,0.0,0.0,0.0,0.0,0.0,0.027264566560543158,-0.42656007244804567,-53.82118586727106,0.6162761959590819
Cabo Verde,CPV,CO2 Emissions Per Capita,1.0789291595719381,2.3053808658248167,2.5222045063615863,2.4905726348031294,2.6863939138440927,4.209946017040464,4.569364554485611,5.151910943013436,4.972998342268623,4.70947940027694,5.001107240431917,5.63832430178135,4.801295708270271,4.612154591250878,4.859874092617145,4.879229632030949,4.927572928792214,5.079912291974214,5.103165724209649,5.242883437602896,5.269085920980366,5.66041668580176,0.2397906059920467,-5.985420637113508,-476.9952534741774,0.7341606802964422
Cabo Verde,CPV,Renewable vs Non-Renewable Energy Generation,0.03209261637012685,0.022109254748860333,0.03266997097669481,0.0277618256789127,0.030275492859597988,0.02809135570189192,0.030560906189805365,0.026252627555895282,0.019658561821003617,0.01603702174511423,0.012269369102272693,0.07578684275487535,0.23471633531666095,0.270293346145855,0.2855172193061068,0.2541627555199483,0.22846604649618435,0.21412160076814923,0.26259301491765313,0.2293544937189341,0.20219503593883947,0.2234694442905424,0.2397906059920467,-5.985420637113508,-476.9952534741774,0.7341606802964422
Costa Rica,CRI,CO2 Emissions Per Capita,5.025044411366827,4.569301666427351,4.6508497699159,4.884723532389026,4.915313708850639,4.937537546047893,5.281741537107268,5.793428109654486,5.705758676795973,5.438581947204187,5.41666543797266,4.150517586389187,4.118608938745634,4.287629459452973,4.300883429515339,4.13915355849619,4.49750472225115,4.558328347192401,4.533198645871811,4.380391012584836,3.5922374801999952,4.259769282514387,-0.049078733492653966,-1.1263843156284602e-06,103.37479586642698,0.3162517263095159
Costa Rica,CRI,Renewable vs Non-Renewable Energy Generation,109.4965650080257,69.28486761710795,60.97386909693455,47.69625806451614,122.95012441679627,29.448959343528532,15.223237735849056,11.510587094987537,12.979277482269504,19.61460431861953,13.826624556478341,10.309481063124464,11.143689388209337,7.4851182737080455,8.715487781380997,98.38931742508323,55.05965517598666,299.70918080983563,70.99582468732459,118.1495357396796,489.0187939825545,4425.2958041958045,-0.049078733492653966,-1.1263843156284602e-06,103.37479586642698,0.3162517263095159
Cuba,CUB,CO2 Emissions Per Capita,6.881314670247262,6.638221428932447,6.2746922765169115,6.042749681964371,5.925146295856481,6.1391135000943455,6.254829199698419,6.488437627546753,6.243091083764631,6.266807252030343,6.586115263767492,6.235741108852249,6.51913539355698,6.571607534956036,6.01298080043233,6.696516672378068,7.006507718824493,6.794454354444815,6.8960753935031756,6.294416035880435,6.304123526883029,6.232286610463835,0.011325215260768878,2.339649596768679,-16.453324077993866,0.04862748300770392
Cuba,CUB,Renewable vs Non-Renewable Energy Generation,0.07302644133924217,0.06955312480541315,0.07057346000364616,0.056057101315180755,0.05869159128798784,0.03239660410724852,0.030932109001806797,0.030890676946294736,0.040863847053847144,0.04009169401196211,0.03330096283504057,0.03322342602414947,0.038533779444394206,0.04638106050545857,0.04183413722424919,0.04109485986625797,0.041236581972049526,0.039815488462283576,0.037627017748560566,0.04443176090736967,0.0507482014010554,0.05393076812828842,0.011325215260768878,2.339649596768679,-16.453324077993866,0.04862748300770392
Cayman Islands,CYM,CO2 Emissions Per Capita,10.268310492208384,9.9582284040532,10.328898525532317,10.581033096986001,9.6014005321733,9.745510396558737,10.383028816655251,12.79265375148549,13.505829211900707,13.45193579141477,14.345418556052813,11.28082274742305,10.895965826591631,12.6585723733938,12.757856344129353,12.888399188980642,13.050655818809735,13.380948427989495,13.665445040379755,18.10066168687816,15.087942446256925,14.394769270282964,0.21048939525905888,39.5013189678642,-410.98842539189684,0.6396941475789445
Cayman Islands,CYM,Renewable vs Non-Renewable Energy Generation,0.0,0.0,0.0,0.0,0.0,0.0,0.0,0.0,0.0,0.0,0.0,0.0,0.0,0.0,0.0,0.0,0.0031177870794459367,0.013102734143863527,0.02187180853585141,0.023291748050859904,0.027654493962059438,0.03027905578024041,0.21048939525905888,39.5013189678642,-410.98842539189684,0.6396941475789445
Cyprus,CYP,CO2 Emissions Per Capita,23.35840741396929,22.623524572204435,22.722711553929265,23.57379606337782,23.860495913354875,23.98400738239372,24.160900683886688,24.802135297190635,24.98768845650363,24.041342352746323,22.83811765304695,21.633336809637,19.95269023895082,17.64153876370218,18.18488120085472,18.22345500977023,19.246161163754994,19.337910166376645,18.763707982484856,18.74393635114857,17.314036928996867,17.663723996695033,0.08614397595371209,-54.737519548136056,-149.19397225498065,0.8659496587445918
Cyprus,CYP,Renewable vs Non-Renewable Energy Generation,0.0,0.0,0.0,0.0,0.0001920971197333968,0.00021046617915904933,0.0002917652117824124,0.0006364009860312244,0.0029443127962085307,0.00601658950617284,0.013929891407887215,0.037592506840665126,0.05762847533632288,0.08254983598284128,0.07871063724274734,0.09661813784764207,0.09514631413847188,0.09524979897810404,0.10417076684140865,0.11125589751226511,0.14030536060044968,0.1783234480341071,0.08614397595371209,-54.737519548136056,-149.19397225498065,0.8659496587445918
Czechia,CZE,CO2 Emissions Per Capita,36.12446837342686,36.396727088108015,35.621859331782275,36.836362659380555,37.04998016897156,36.487940974316885,36.67763576241794,37.09462170918866,35.11281718925607,32.835120855202476,33.338755264687954,32.549130991279796,31.372155364037987,30.117144595460353,29.388368790691658,29.649252923864736,30.213898487289622,30.651005036793833,30.642711460510352,29.744762910249097,27.32879754133958,28.96073814242304,0.07979272939709833,-84.05116396025039,-120.55603764129495,0.958991768699001
Czechia,CZE,Renewable vs Non-Renewable Energy Generation,0.03208585035542694,0.0357580269182739,0.04087432856169053,0.02309924030092934,0.03359825179796158,0.03943056129180023,0.04355103747374463,0.04022779973002959,0.04668568246658992,0.06003372840060311,0.07378234338138207,0.09034372081279526,0.10162955955174258,0.11995438159652248,0.11915002698390136,0.1265109414182325,0.12695241640165322,0.12432930204017817,0.1199797554160235,0.13089715632354124,0.14606235348606708,0.14401669465692993,0.07979272939709833,-84.05116396025039,-120.55603764129495,0.958991768699001
Germany,DEU,CO2 Emissions Per Capita,34.10268946452119,34.549294046946606,34.285990222963825,34.111746418150474,33.53494650899107,32.697056339051336,33.03702761726165,32.10284877689757,32.217578731273456,29.92297609820685,31.576436254051107,31.234895964861188,31.25067056756136,32.015051407426355,30.53271038573767,30.419175057366502,30.290892298283534,29.633335196563266,28.41289629385559,26.70102118260028,24.45516373152225,25.565265148869166,-0.031549470610610746,-11.534550411742153,97.8704963486122,0.9153730469164634
Germany,DEU,Renewable vs Non-Renewable Energy Generation,0.0655647718955843,0.06908703745230269,0.0820280441225561,0.08295620580675665,0.10347394806752935,0.11327611342976387,0.12774950097162982,0.16190324357227745,0.17238334143906622,0.19167206092717348,0.19922718490737584,0.25361235777012175,0.2947699218991489,0.3132214276608781,0.3493079436038514,0.4108281848786677,0.4116351293575851,0.4945656149977138,0.5307808687047824,0.6555969284067815,0.7762214450847427,0.645517322391992,-0.031549470610610746,-11.534550411742153,97.8704963486122,0.9153730469164634
Djibouti,DJI,CO2 Emissions Per Capita,3.5482348841560944,3.4542846648682546,3.4518386991100307,3.5547624248925165,3.403102289066233,3.194671296883594,3.0280920963531357,3.082168395369373,3.275767783156602,2.8425805673713214,3.142694054279868,2.330792822671808,2.927633230535148,3.0654127067269155,3.048138119295876,2.7539088117472743,2.3968728848260614,2.0664925963702365,2.192309668576747,2.0698906362605376,2.0589706124628036,2.2176260373730163,-0.07440570697385213,0.24098449807355318,152.45460657502306,0.8193419822563379
Djibouti,DJI,Renewable vs Non-Renewable Energy Generation,0.0,0.0,0.0,0.0,0.0,0.0,0.0,0.0,0.0,0.0,0.0,0.0,0.001282051282051282,0.0011547344110854503,0.005,0.0028089887640449437,0.006818181818181818,0.010169491525423728,0.010909090909090908,0.006593406593406593,0.0048,0.546875,-0.07440570697385213,0.24098449807355318,152.45460657502306,0.8193419822563379
Dominica,DMA,CO2 Emissions Per Capita,2.8761062666432564,2.001182215016213,1.7973049764144031,2.0903528681219132,2.291124560328988,2.2542249002533707,2.389900176020483,3.0109713849509263,2.869620695821581,3.012364954133776,3.2451270118536835,2.5056084431642964,2.4532086287887584,2.854132390764179,3.055556096928111,3.1368966246232524,3.2252830253300036,2.7742159282985104,3.2688270053513686,3.5322513020104167,2.951366261545941,2.828763506048721,0.03734959217721765,-0.7643360528794405,-71.98603799715364,0.5135396876108762
Dominica,DMA,Renewable vs Non-Renewable Energy Generation,0.6905606967882417,0.5036251367538801,0.8261526832955405,0.5921618048095199,0.7449717538962037,0.5025367970024561,0.4856557732692341,0.3436593950106207,0.3205664435946462,0.3461079565873643,0.3165599147738482,0.5694971426801505,0.3702862031628056,0.5885101661274946,0.4400718803109241,0.30761496341522504,0.4948025774972819,0.4804513206256945,0.605302736270134,0.28653000862670996,0.2559953955362282,0.2544477390659748,0.03734959217721765,-0.7643360528794405,-71.98603799715364,0.5135396876108762
Denmark,DNK,CO2 Emissions Per Capita,33.90704249781257,34.68218425582825,34.55484796884485,37.403047977079986,34.21147248813632,32.20546131015205,36.59591978606184,33.968121461234205,31.63864836088984,29.985587322687728,29.938205530308768,26.9399799711771,24.274957194863983,25.03853646776133,22.821242640040044,21.216832257086015,22.188113152386254,20.977375708155098,21.267682274136657,19.19375139523757,17.589201339334405,18.122716860748135,-0.8171444532916318,-0.8600354167591672,1671.5832507012817,0.9216254794022969
Denmark,DNK,Renewable vs Non-Renewable Energy Generation,0.1828024014960139,0.1833579023303955,0.20890516339467044,0.21197648787656134,0.30794862670246836,0.3711886207157449,0.2527053007415545,0.3552100927234497,0.3806938159879336,0.38234042553191494,0.47022345395237863,0.6737396635200578,0.9352958155468688,0.8504758335689296,1.2664621681068022,1.8930272069571885,1.5137840178045125,2.3630076821384454,2.1601287286454225,3.580709344493705,4.439188714585639,3.7532549849170285,-0.8171444532916318,-0.8600354167591672,1671.5832507012817,0.9216254794022969
Dominican Republic,DOM,CO2 Emissions Per Capita,6.270724066892632,6.843140462496425,7.419097606951872,6.530542030742215,6.011751393959193,6.417587926175545,6.85429871271179,6.83766719448606,6.67595395742999,6.348099074000465,6.583240903336879,6.688484198439437,6.877444859484939,6.599561421814266,6.470937888946,7.108392163163887,7.320863237956028,6.928762366956182,7.410945407709105,7.4822112569314765,6.567551025376775,6.48943619746331,0.036624529705621654,-5.3552774647353285,-66.15769541449971,0.28455079876262324
Dominican Republic,DOM,Renewable vs Non-Renewable Energy Generation,0.08592210017727617,0.07060315203836337,0.08401495631133636,0.11546139392028767,0.1641612333570633,0.17764108727718814,0.15340482247240772,0.14069609512849537,0.11400869849631891,0.1288368152650316,0.1157874670470687,0.1166485857847124,0.13455620259983386,0.1456296491094302,0.10659837879369118,0.08441126056943168,0.1269864817264077,0.18043620689077866,0.16256975708299165,0.1411584287572561,0.18421375422359965,0.20421159755742474,0.036624529705621654,-5.3552774647353285,-66.15769541449971,0.28455079876262324
Algeria,DZA,CO2 Emissions Per Capita,7.994167589521249,7.740845841725831,8.156209522077305,8.642682805149995,8.548674434744857,8.967487723858191,9.281106416314842,9.464157192861183,9.723450872142198,9.959430345297111,9.973453098787765,10.448918127419562,11.405069334862171,11.537979541652815,12.121058664554809,12.611975859942786,12.120907463681412,12.10671633585863,12.488112900021697,12.655141949719294,11.743690797264252,12.362113270553474,0.25680897274405934,-28.56905574395967,-505.6445476291589,0.9287676806678348
Algeria,DZA,Renewable vs Non-Renewable Energy Generation,0.0021295054815048506,0.0025982828739267963,0.0020803885324924792,0.009049217918270411,0.008100261298751573,0.0171801051980198,0.006214865173674589,0.006115228563700298,0.007076189522689159,0.0089540515774316,0.0037945566286215976,0.009489748038326565,0.010262140026420079,0.004886114842175957,0.0061157248234043875,0.004761243000466636,0.006092469679172386,0.008425122375071302,0.01030131787032156,0.01041064059188757,0.010718966748266015,0.009207119168171464,0.25680897274405934,-28.56905574395967,-505.6445476291589,0.9287676806678348
Ecuador,ECU,CO2 Emissions Per Capita,8.452683687578839,8.22331142567125,8.11415423726622,8.100533812478648,8.28716844747382,8.609249272767517,8.888628807955078,8.831740573406861,8.855242904691293,9.30996397840134,9.822038683859494,9.050274494202808,9.038533515527082,9.418061902606432,9.730441121860304,9.581073917340325,9.735196386161816,9.44637680793563,9.62661816447802,9.368198712042501,8.15487714521825,9.435938247486185,0.08648329604334204,-0.33579084711630713,-164.2598819041494,0.6816053550966142
Ecuador,ECU,Renewable vs Non-Renewable Energy Generation,2.5360569930697885,1.7769263671519633,1.7244408019431157,1.6447287557708188,1.4342511969274476,1.0883371135437268,0.9278488151570519,1.1458202829538868,1.6193846449664206,1.070941062711662,0.8345887335855511,1.2503151613388364,1.2158741371866026,0.9603772602170779,0.9676281195357356,1.1078509923640314,1.5132699090041561,2.801216208721659,2.6466595945446985,3.575596112314378,3.935598641996608,4.26197234076248,0.08648329604334204,-0.33579084711630713,-164.2598819041494,0.6816053550966142
"Egypt, Arab Rep.",EGY,CO2 Emissions Per Capita,5.352990346801659,5.754951911954745,5.773331133301114,5.81038158108725,6.158055567506936,6.694481095692195,6.950495744655782,7.319350162161905,7.289925450698584,7.414782597220077,7.3628528689516,7.471261263944973,7.723614818060371,7.462242022442356,7.444932002186701,7.486808009582189,7.641377918761149,7.947061318338239,7.759068281865862,6.742292158618433,6.454699874137785,6.944236242837848,0.0029609778045653467,-14.162806282865194,2.861477462922587,0.7793407148441878
"Egypt, Arab Rep.",EGY,Renewable vs Non-Renewable Energy Generation,0.25042648778740384,0.24713756869360895,0.1891095870004753,0.1578104497609385,0.15034168430267295,0.13681120788786655,0.1315046636184824,0.12408571743705094,0.13998451553261432,0.12371218692991318,0.10574562471538305,0.10323437685697073,0.10202629956633412,0.09601087661956854,0.09181676982889489,0.0905910426169673,0.09452199372015922,0.0917972483183098,0.08803043689534831,0.09866328413284133,0.138074447845158,0.1406684044291806,0.0029609778045653467,-14.162806282865194,2.861477462922587,0.7793407148441878
Eritrea,ERI,CO2 Emissions Per Capita,1.0850247116445457,1.1595182509473272,1.116321184459281,1.056282700243839,1.0265580140709483,0.8558451064578144,0.7705155350886238,0.7372343201073897,0.6455009965802542,0.6456571425421415,0.6735896826503697,0.7447206262061311,0.7371599236425306,0.6874248283034019,0.6830722901825677,0.6660205894839709,0.696908176033723,0.6887609234565415,0.7615243073756289,0.7679378938830198,0.7619927950081387,0.8057147621530962,-0.037394167465798225,6.045351129631119,75.8657386692781,0.6239595194023513
Eritrea,ERI,Renewable vs Non-Renewable Energy Generation,0.0,0.0,0.0,0.0,0.0,0.0,0.0,0.0007097902097902098,0.007028070175438597,0.00683617747440273,0.006498381877022653,0.005997014925373134,0.0057226890756302525,0.005722991689750692,0.04412953367875647,0.04216336633663366,0.04592840095465394,0.05528878281622912,0.056429594272076375,0.056417661097852026,0.05636038186157518,0.05278997613365155,-0.037394167465798225,6.045351129631119,75.8657386692781,0.6239595194023513
Spain,ESP,CO2 Emissions Per Capita,23.232704894248315,23.25217481292478,24.429947490292296,24.404441982717927,25.198304690857665,25.86633966958402,24.85009122334616,25.022805889463367,22.537588682913345,19.78724966998431,18.677302619236315,18.599823533759725,18.13750894411323,16.572968131798238,16.67910666200353,17.757645331756176,17.08817109049119,17.99531896466689,17.604234596279984,16.413266531122193,13.6795139477328,14.936391185688038,-0.13160231826942867,-13.666386758188954,290.49679009457435,0.9049336992545467
Spain,ESP,Renewable vs Non-Renewable Energy Generation,0.18154733706008064,0.26397523843183873,0.15662405975984625,0.27208408150519164,0.2181447852173497,0.1678619099811766,0.21089330179333213,0.23621365730703614,0.24697711583172705,0.33590278407545116,0.4798808349406874,0.4242009014903671,0.41293501331927807,0.6394335310844274,0.65448883624818,0.5281694238479406,0.6150951206679124,0.4682804229986901,0.6091741075354553,0.5862227098317166,0.7606323952135838,0.8464050817091396,-0.13160231826942867,-13.666386758188954,290.49679009457435,0.9049336992545467
Estonia,EST,CO2 Emissions Per Capita,30.378192970575917,31.4781490733837,31.015684370174352,35.52121484037585,35.480481649847725,36.710982040560246,34.39216860878669,42.65783645090552,36.9837000194452,29.912460762149546,39.79175292589046,39.99890541410943,38.529971012991645,43.52258165686264,43.8226474498781,36.74150932068934,41.05492661442936,44.12245139002751,43.55021149384597,29.95122788111822,24.036718269423147,27.017904361755527,0.9191100236390518,-31.02231815945874,-1806.8677340780098,0.7009071390076895
Estonia,EST,Renewable vs Non-Renewable Energy Generation,0.0021542083578575634,0.00212640283520378,0.0035306578792515006,0.004846686449060336,0.005857087075361187,0.010996631662373687,0.013517912934805249,0.012088418430884186,0.019020704930662557,0.0657481184753581,0.08758095637583892,0.10072306641625405,0.14079342230695902,0.10128104520945666,0.1258722980917066,0.1822772135436375,0.15003277661130568,0.1644426677581608,0.19168494151870644,0.3914672246481448,0.9558918026994945,0.6654142951127688,0.9191100236390518,-31.02231815945874,-1806.8677340780098,0.7009071390076895
Ethiopia,ETH,CO2 Emissions Per Capita,0.5608008504373001,0.654395204014458,0.644238349341591,0.6425677572056017,0.6406972892640268,0.608688118101034,0.6057090268480588,0.611986978979571,0.6136516884143902,0.6003367412714697,0.5831177899954966,0.6069935445287598,0.620475337052076,0.652596028159673,0.7037938683345382,0.7007769177587669,0.7600724663033408,0.7602821726659331,0.7730929079025848,0.7714904984896942,0.763603140059215,0.7880205045972155,0.008374334043671118,3.140929779339802e-06,-16.174935625081154,0.6824202332776959
Ethiopia,ETH,Renewable vs Non-Renewable Energy Generation,74.81947826086956,121.29876470588233,109.37015789473683,145.9043125,142.99816666666663,240.8601666666667,331.8848,21.158265432098766,7.089882226980728,8.009385135135135,160.48916129032258,171.08483783783785,633.6958333333333,1091.5792500000002,2465.2633333333333,2889.2634441087616,10302.941176470587,16359.05591677503,0,0,0,0,0.008374334043671118,3.140929779339802e-06,-16.174935625081154,0.6824202332776959
Finland,FIN,CO2 Emissions Per Capita,29.082994171410007,32.042239507340774,33.24558935433963,37.51198668716409,35.0329647999339,28.13674324697832,33.71452064744902,34.49134582318595,29.09743049882006,25.21498748349604,31.80765396658657,27.66308619906346,24.155925804552698,25.566876793629387,22.98767930748848,21.77685651326728,24.12588087226492,23.018797984609886,25.27258209599268,22.55887662756089,19.426918818788455,21.092834711931044,-0.26125083345531724,-12.504387217917735,560.4807967165232,0.7730028391203014
Finland,FIN,Renewable vs Non-Renewable Energy Generation,0.5017184797304548,0.4070102381986815,0.3597254421768708,0.2921361456306217,0.4256704420898794,0.4981019017701745,0.37539202285867057,0.4273114964337163,0.5595173511107531,0.4307915624379591,0.42839019812673734,0.4901214775169282,0.6824257484886861,0.561710901201017,0.6281464266073692,0.8018325278419837,0.7931212413613248,0.8731461939636039,0.8430121970412338,0.8671980362291247,1.0776091181763647,1.1245619807930243,-0.26125083345531724,-12.504387217917735,560.4807967165232,0.7730028391203014
Fiji,FJI,CO2 Emissions Per Capita,3.374673012544008,3.655867811296534,2.327314417966539,3.2037444745813275,5.009434940186501,3.9907540533281227,4.498728206295444,3.5477698443156007,1.9950702547363695,1.3065116999100277,3.773523412754967,1.996257536425737,1.837981169935206,2.3522992504266793,3.011771835160995,3.2939300670518956,3.138023745632212,3.8359874684854183,4.114366794197145,4.5442587699041335,3.0929581234477226,3.3172287996019927,-0.024638646610000935,-0.39103892205604096,53.39364101939346,0.05254305604997844
Fiji,FJI,Renewable vs Non-Renewable Energy Generation,3.191722746882645,3.4820571051579874,2.7495931542397485,1.3168614088752408,1.4273726339664756,1.119872895652568,1.026369013547033,1.9605452100380645,1.8505424365858751,1.5065504118588766,1.0543161208959961,1.3822381178974728,1.8558397047192197,1.577888511401336,0.9690989605294154,0.916983354153184,1.1656606304493629,1.0514204545454544,1.4001554132455043,1.1966095748812848,1.20035371444158,1.5041118835034983,-0.024638646610000935,-0.39103892205604096,53.39364101939346,0.05254305604997844
France,FRA,CO2 Emissions Per Capita,21.559411430442882,21.509640063904946,21.042322900275682,21.102391598996867,20.998274065583512,20.920518749273505,20.286213844976842,19.698174970775945,19.24404753170937,18.61609352778225,18.725787819468,17.606708296426156,17.56820117647525,17.576106993592305,16.1647990816513,16.430593564848685,16.64090598607364,16.869585945175903,16.110300969851142,15.822642475891218,13.883593321121705,15.172447897893269,-0.30732455647727264,-5.377332301641919,637.1620537799477,0.9583106359640692
France,FRA,Renewable vs Non-Renewable Energy Generation,0.14364454096517926,0.16072596402627262,0.1262919817969905,0.12162294133056978,0.12201574932512849,0.10551998683774101,0.11851949387079849,0.12719519619177916,0.14423523119143683,0.14570995389200828,0.15567199740383514,0.13020940327678948,0.1748592504906204,0.2059051044005164,0.19649750116034767,0.18833176717933123,0.21286634539878402,0.1973677717982195,0.24267456977018692,0.24734206066764589,0.3077745802636994,0.2826867305700008,-0.30732455647727264,-5.377332301641919,637.1620537799477,0.9583106359640692
Faroe Islands,FRO,CO2 Emissions Per Capita,5.205463315812528,5.139913763650124,5.078219340781407,5.016805410195814,4.955335014274104,4.924869250999151,4.922974541013806,4.918163251380244,4.913288033711347,4.911690412769209,4.9147787853749225,4.916621708758732,4.91625481484543,4.913626832995994,4.908865655627773,4.8735642002622095,4.807846101010101,4.7382677284491335,4.671162928073791,4.6027178266674404,4.549898387866069,4.5205804609654185,-0.025966095017297214,0.10152984122499992,57.00734515415034,0.8579465824560694
Faroe Islands,FRO,Renewable vs Non-Renewable Energy Generation,0.5469998547145141,0.48293996921498206,0.6775815122530197,0.5532472393786262,0.7056244433787765,0.8021783926994407,0.7959579180509414,0.8056430534146505,0.651497005988024,0.6389054134443785,0.40642247867536374,0.6414868105515588,0.611049723756906,0.6240977234869517,1.033288948069241,1.5059760956175299,0.9974826935179357,1.0458996328029375,0.95446973903387,0.678695652173913,0.6311146752205293,0.6150914634146343,-0.025966095017297214,0.10152984122499992,57.00734515415034,0.8579465824560694
Gabon,GAB,CO2 Emissions Per Capita,14.499464728363977,13.98656341622085,13.181277214808718,14.072785541621508,12.73193826802436,12.254216722563058,11.03127871382611,10.13271335756052,10.29605051194454,9.903078076637911,10.634505829858481,12.179399602820872,11.921481288503054,11.84100806949332,11.62161637792313,11.429209047792057,11.371474598865118,9.493993088077598,8.959975521119409,8.943611794710597,8.85060077083696,8.709174182751509,-0.31908219007196714,-3.810091867673527,657.3084076969594,0.8279100543763579
Gabon,GAB,Renewable vs Non-Renewable Energy Generation,1.4336245107315129,1.4337320825662727,1.433729853604113,1.4336853530868277,1.4343831233207636,1.4341719208439978,1.434319955573734,1.433974241397185,1.434032657555714,1.3349025423728813,1.07463550295858,0.8426733466933868,0.8600454115421002,0.9777672233820459,0.8111581632653061,0.9306774519716886,0.7113531951640759,0.9579383490073144,1.171127380952381,1.171127380952381,1.171770238095238,1.171770238095238,-0.31908219007196714,-3.810091867673527,657.3084076969594,0.8279100543763579
United Kingdom,GBR,CO2 Emissions Per Capita,30.397795558158716,30.789152386617562,29.863116647180828,30.20818821186987,30.118337708993174,29.76916361340533,29.42998842143271,28.78142071323847,27.8186101967423,25.21856373002108,25.85110356352483,23.628262636761583,24.279031173254285,23.562921408767707,21.59343541463494,20.743458770233566,19.6516690817734,18.969320901455475,18.50109813334701,17.75655789732431,15.576225742105459,16.70883404848056,-0.5856973266889106,-5.880857091776852,1203.3153125003296,0.974182641501405
United Kingdom,GBR,Renewable vs Non-Renewable Energy Generation,0.02715888629497765,0.025447645646397916,0.029583643518026163,0.027395634449662004,0.03722320229600569,0.04440797235578814,0.04775078657197035,0.052205938892880915,0.06067201815469128,0.07306175335677977,0.07342557332181736,0.1058107559843123,0.12773991698159964,0.1744697590558925,0.23613845804756292,0.3272614495575638,0.32640066075396745,0.4144959128065395,0.4939656025847561,0.5872888805944494,0.7655333848461433,0.6599293499983796,-0.5856973266889106,-5.880857091776852,1203.3153125003296,0.974182641501405
Georgia,GEO,CO2 Emissions Per Capita,-0.5542525619117944,2.13536821192251,1.7869647489075697,2.004891762759456,2.229719769360432,3.0051319031618187,3.404475882440409,4.286976980475926,3.6049960041045117,4.329010335781151,4.221925381368186,6.149352813740454,6.7699998315845455,7.620178526431086,8.259476839900048,8.921851266859154,9.35571799232999,9.358099633476792,9.253931974327992,9.898390049516674,9.591132291853585,10.019228496390834,0.4826223329682987,-0.07419879292296205,-964.196116230666,0.9598682313618275
Georgia,GEO,Renewable vs Non-Renewable Energy Generation,3.8207626843370366,4.03954608479895,13.072652902220492,10.228589420654911,6.893641354071364,5.851348728895789,2.4328243931000313,4.510487894418517,5.594295996990993,7.486796920896598,13.731061543666726,3.5679342076949365,2.914891212024325,4.62672267149521,4.094194092810424,3.554494307142277,4.178187588865396,4.164297805642633,4.744894794080098,3.175584757953617,2.9583802467385136,4.32376239704152,0.4826223329682987,-0.07419879292296205,-964.196116230666,0.9598682313618275
Ghana,GHA,CO2 Emissions Per Capita,1.521109607728295,3.3351575631634596,3.438905482070182,3.277642907194229,3.1475243539754785,3.1167874851574338,3.231720231879129,3.2245696397720294,3.097442905716814,3.2154347962198506,3.276907349245949,2.676250049559373,2.915860215671892,2.9604521053621466,2.8301990949682225,2.8720682770657375,0.9802264407995002,1.0036357697514502,1.2157359516117596,1.3135438501771284,1.4639137349158575,1.6314761355416738,-0.14824514589492818,-0.20832508632290195,301.11433986162865,0.5966040295762569
Ghana,GHA,Renewable vs Non-Renewable Energy Generation,10.787459283387623,5.298,2.25726419311578,1.9531563126252505,6.983509234828496,4.868421052631579,2.002347918890075,1.1493694247923716,2.9177078440582433,3.3122537241710717,2.210911384421318,2.081538461538462,2.0452200303490136,1.7807514026758737,1.840982939632546,1.0416550318922748,0.7564032019373065,0.6742976020892687,0.5971268268759197,0.6750267340376666,0.5768772230889235,0.533702248750694,-0.14824514589492818,-0.20832508632290195,301.11433986162865,0.5966040295762569
Guinea,GIN,CO2 Emissions Per Capita,1.8588896762371734,1.9100453844356853,1.922257099020843,1.9163480345553152,1.8971122005595558,1.8551592946007018,1.8617422725122914,1.8518780775110133,1.8350007595258997,1.8283331762682433,1.9074277345286526,1.888904836872437,1.8052955998743871,1.6786936513550355,1.6712171258050899,1.7506920285897178,1.8606190061424097,1.8003605881941103,1.7667442271776104,1.755570033451267,1.7247028003386253,1.751880750871311,-0.009233094763151343,0.006412401300969559,20.371076247554377,0.5444490317594111
Guinea,GIN,Renewable vs Non-Renewable Energy Generation,1.271144278606965,1.3398058252427185,1.4166666666666667,0.8639308855291576,1.5948275862068966,1.5483804713804714,1.709550185873606,1.8321474103585658,2.898490742721056,2.3715903087025434,3.4246455787815573,3.158116654954322,2.0993230841766715,2.8611757451660194,1.518967646504748,3.733644191194418,2.119961599149081,2.2571566297350265,1.724038925767314,1.769536121405863,1.620692679118564,7.42626470195135,-0.009233094763151343,0.006412401300969559,20.371076247554377,0.5444490317594111
"Gambia, The",GMB,CO2 Emissions Per Capita,1.0286391765969483,1.0598355323062842,1.051676655450614,1.032282814020943,1.037495426804571,1.0180449746562208,1.0661575134839485,1.0754614028238696,1.0564981774658315,1.0921289859694727,1.0800360563162175,1.0696543189611512,1.0100825030785818,0.9784992105395676,1.0138629102808154,1.0189602611119717,0.9764868630583557,0.9452381262751018,0.9334666053966681,0.9502617359996461,0.9366953304105098,0.9718687037769383,-0.008863254379183977,3.7201099812691805,18.794404766101028,0.6154827672243283
"Gambia, The",GMB,Renewable vs Non-Renewable Energy Generation,0.0,0.0002109681216064667,0.0011457548721104168,0.0030073563176992823,0.004896104200342024,0.006590987624300907,0.0071333255440698086,0.008388302303068506,0.009773447567304009,0.012211866255469677,0.012501160879765159,0.019257287624667288,0.02060698738423214,0.021730051050819692,0.020464890679800018,0.016429789151039226,0.014489188776316029,0.014499545594597882,0.014499545594597882,0.016568320046398546,0.016568320046398546,0.01628609674821798,-0.008863254379183977,3.7201099812691805,18.794404766101028,0.6154827672243283
Guinea-Bissau,GNB,CO2 Emissions Per Capita,1.7912067712733244,1.7687444370890264,1.7578542419408283,1.8241300298862997,1.8054551055115444,1.7771589100269405,1.7733392790633697,1.7752353864544463,1.6981227789531397,1.6827560935204127,1.6584234064139047,1.6103921487467197,1.5768447731825836,1.5500693369412393,1.5367965770841543,1.534697334535549,1.5070616684618368,1.3265663173080913,1.3032026374642522,1.291860367924801,1.2704553855785317,1.2854649416393584,-0.021155992290829942,-2.027541229590879,44.16350618424211,0.9441513303660137
Guinea-Bissau,GNB,Renewable vs Non-Renewable Energy Generation,0.0,0.0,0.0,0.0,0.0,0.0,0.0,0.0,0.0,0.0,0.0,0.0,0.0,0.0,0.0,0.019726027397260273,0.020335700451904457,0.020335700451904457,0.07621852808263396,0.07621852808263396,0.07621852808263396,0.07621852808263396,-0.021155992290829942,-2.027541229590879,44.16350618424211,0.9441513303660137
Equatorial Guinea,GNQ,CO2 Emissions Per Capita,14.451334631673765,16.27898146036954,14.964590022741886,15.41068900859967,24.135999319904883,23.455402791173153,22.49107400117957,23.772720696574883,21.295048646643977,21.27247411577812,20.14787583826394,20.6963553339717,19.27776783625829,18.788805529361923,17.955137653906817,16.307371293262747,16.577833079924833,15.121990460427911,14.023462084520846,13.105638019460008,11.93052491370879,12.006324042225412,-0.03256173280609802,-35.756766605985945,86.33622472177622,0.3307387440184135
Equatorial Guinea,GNQ,Renewable vs Non-Renewable Energy Generation,0.042157500421575005,0.04301269543012695,0.04301269543012695,0.04301269543012695,0.042157500421575005,0.042157500421575005,0.042157500421575005,0.02348993288590604,0.02348993288590604,0.02348993288590604,0.02348993288590604,0.02348993288590604,0.0881578947368421,0.16710526315789473,0.16710526315789473,0.16710526315789473,0.15104122134503759,0.13788267831811438,0.13598499158017405,0.13596151424540645,0.13594764127486197,0.13576835980936405,-0.03256173280609802,-35.756766605985945,86.33622472177622,0.3307387440184135
Greece,GRC,CO2 Emissions Per Capita,29.196896568863707,29.791945417161198,29.594917711778603,30.746999134247854,30.823655311967208,31.835431650811106,31.415088502265164,32.06479357527507,30.972928810045218,29.48968296717292,27.335145056697762,26.543467431806455,25.487701303058902,23.110154105926455,22.522917970425834,21.39961399702778,20.512321759867394,21.46842704463796,20.613557617609136,18.96079162450093,16.01667320113596,16.874101854850604,-0.22023764273611143,-20.903796342728544,473.9257152302789,0.9170369057022658
Greece,GRC,Renewable vs Non-Renewable Energy Generation,0.09257117347456423,0.07099752712188896,0.08418241740787802,0.12416318997173784,0.12195137536629172,0.13202131231021672,0.15789691428571428,0.09256916220727154,0.09914867497715477,0.153516079009624,0.2248086181759813,0.15876814741364684,0.1995482556577649,0.33526866499543506,0.3180266525154154,0.40108574068703207,0.3766003956712598,0.3328354602249365,0.4350992645541256,0.49483261490359415,0.5718411339487001,0.6794858780940154,-0.22023764273611143,-20.903796342728544,473.9257152302789,0.9170369057022658
Grenada,GRD,CO2 Emissions Per Capita,1.632094305234939,1.6845737205380968,1.78783263390341,1.9662323827478392,1.878518754337266,1.996491174016362,2.222584214509676,2.495594868650705,2.715049460338911,2.910951362042931,3.2651350537973847,2.5194134113019713,2.6717462248947474,3.578772209158152,3.064074136235717,3.089809900823668,3.3003137222212957,3.221134525847454,3.5426987639324357,3.899084368175744,3.285233966505746,3.1489154963486086,0.13869321296021575,-43.55530794306233,-275.86156243001756,0.8534448084460777
Grenada,GRD,Renewable vs Non-Renewable Energy Generation,0.0,0.0,0.0,0.0,0.0,0.0,0.0,0.0,0.0017110333727666446,0.002009931425869,0.002481698670039477,0.0032651220253561734,0.0036804470616512435,0.005430803026604833,0.005837024269996193,0.007596204815468636,0.011734776474941606,0.014921334938650723,0.01566978288276891,0.01655097432466338,0.020100840939805232,0.02008186516274742,0.13869321296021575,-43.55530794306233,-275.86156243001756,0.8534448084460777
Greenland,GRL,CO2 Emissions Per Capita,0.031123505338078294,0.033482821650399286,0.0337913582645869,0.034192372060248395,34.03061401135106,34.24011887239835,35.439264540106386,34.791408469631335,36.05744556881124,31.442466914049323,36.08012406642649,38.31338755493057,30.488118993135018,30.198645291503645,27.446789981348257,29.493328937520054,29.37117671661979,28.90580328277433,28.97986194955643,28.87587484215206,25.3843848705803,24.512562706299747,0.8609592327514197,-1.403685923502908,-1701.6866788373277,0.35441260450265344
Greenland,GRL,Renewable vs Non-Renewable Energy Generation,16.781098046149765,1.113694105691057,1.1819000675557336,1.2703791317690687,0.453455134880762,0.9271195767195768,0.7476242709520311,0.8067743266383581,0.7553975631893067,1.1904320894590161,1.7889645413104753,1.9230866269567028,1.9123851450742961,2.6937499572477104,2.8331971356944003,3.054083182285798,3.0472166193077257,2.4777292199054357,2.6438289928696026,2.994424146484527,2.895891070429499,3.35570041858581,0.8609592327514197,-1.403685923502908,-1701.6866788373277,0.35441260450265344
Guatemala,GTM,CO2 Emissions Per Capita,4.116515856539233,3.9907958553905907,4.076400617064325,3.9914371502208477,3.9313162078417863,4.075604130799645,4.023354317420363,4.155185683078087,3.7879722245654595,3.928236922213198,3.7290696201817046,3.3081359221128097,3.3350510438344307,3.4741686121512645,3.6194423321065625,4.089319200247645,3.983627206686511,3.7647983754757908,4.022810188750807,4.186773561845781,3.693375662528436,4.120157090292281,0.008816967400435067,-0.21705428642277572,-13.482817857640482,0.14995457469574702
Guatemala,GTM,Renewable vs Non-Renewable Energy Generation,1.4751526325208193,1.1244749767315025,0.7193712883906919,0.9295317410797964,1.4331455987645074,1.5656942578099762,1.216780456485938,1.033522261455369,1.221247661198665,0.8467568029838,1.7571764125965788,1.6852284839203675,1.9889371190247034,2.0751618599534507,2.1531521116999808,1.6262841880154888,1.692139926290754,2.493359903353719,1.8636320473860906,1.6862678930109605,3.328591826729339,2.7468521419121337,0.008816967400435067,-0.21705428642277572,-13.482817857640482,0.14995457469574702
Guyana,GUY,CO2 Emissions Per Capita,16.280715413061834,17.150877824558542,17.03875659160646,17.00744261348845,17.72348901665387,16.95041028341115,16.333834067146913,17.518525003271556,17.567904040310285,17.78006183894215,18.394437004968367,29.135761217634332,29.832650169496993,29.54512819164593,29.820593043675068,29.63694561812694,27.48799921089414,27.37702968482231,27.049898339176643,27.488535831477318,28.82073668530685,30.73672191004603,0.7410167921407849,31.486748181226634,-1469.1000002292992,0.7458824953085273
Guyana,GUY,Renewable vs Non-Renewable Energy Generation,0.04658490283652747,0.04627138010364648,0.05430493317967024,0.05814005022898508,0.05674241746022023,0.0637990960635631,0.06285218501732952,0.0633116953605002,0.052783155719322544,0.08765085291026939,0.10826396235870593,0.10342008553532592,0.07795315522616267,0.09224193845567256,0.08505948376366956,0.0722804369928624,0.08505223617351469,0.08489273546026464,0.08606472836722576,0.07656561126558435,0.0778821313240043,0.07649155555555555,0.7410167921407849,31.486748181226634,-1469.1000002292992,0.7458824953085273
"Hong Kong SAR, China",HKG,CO2 Emissions Per Capita,20.299602429707427,19.92829697317665,19.128495837546893,20.7209100401141,18.528867880592614,19.574994427728523,19.142946593312043,19.886877280048576,19.186663679467646,20.312917215322393,18.8155853576208,19.915817389982465,19.457244261338992,20.01836504199807,20.448702066809602,19.01108894024385,19.299344618079218,18.874671943677974,18.63561560099831,18.31656961067675,15.010516812324555,14.777051921868043,0.10203750358075485,-914.0207348568058,-183.81646723412433,0.7258195956650327
"Hong Kong SAR, China",HKG,Renewable vs Non-Renewable Energy Generation,0.0,0.0,0.0,0.0,0.002006635273972603,0.0018645604039880875,0.001846139991444717,0.0023744455893553156,0.0015106826846989425,0.001931338119093116,0.002136145207626012,0.0022811274823830883,0.002209161290322581,0.001991414450219097,0.002322312388513429,0.002074391498114501,0.0038183557909086145,0.003959090785944571,0.004027620823961819,0.0043244323589394975,0.005535640416774274,0.008454188463890209,0.10203750358075485,-914.0207348568058,-183.81646723412433,0.7258195956650327
Honduras,HND,CO2 Emissions Per Capita,3.318846187577224,3.6035598480284987,3.6518810153922248,3.8368424464386464,4.110648546937748,3.7150626129849607,3.997795817667717,4.253266770286741,4.152635677703793,3.874293240599412,3.736808867020955,4.255636144558471,4.334101205966494,4.177859049955822,4.188602657516351,4.371791622899767,4.212871487901971,3.797010371937131,3.6405303079287434,3.962553519294286,3.4457498911997844,3.7881570472678234,0.029653702030549525,-0.7030826310767712,-55.04832943008882,0.5990616273317035
Honduras,HND,Renewable vs Non-Renewable Energy Generation,1.5221254961858586,0.9254671125631114,0.6334993192682503,0.7276002415797733,0.4461232110518134,0.48757932354513495,0.5756685525194689,0.5960417462550703,0.6201483597120218,0.8172019895636125,0.9187996293648368,0.7998490187190498,0.8167728431945055,0.7206989348665246,0.6398110152934171,0.7830994741183905,0.9245664021358763,1.2158193119656524,1.7183391659248544,1.2164062362540249,1.3015425625870292,1.680297899627625,0.029653702030549525,-0.7030826310767712,-55.04832943008882,0.5990616273317035
Croatia,HRV,CO2 Emissions Per Capita,11.940845414880195,12.90102785208629,13.685478929257627,14.883838370785513,14.557117533336436,14.8322806211856,15.062842180490213,16.32069354999991,15.407079548368163,14.321168484669986,13.757292579294214,13.830506239747406,12.88852324819018,12.26608483091692,11.780976852761746,12.17483458503703,12.548012571780653,13.36636244460279,12.598456966424589,12.73618769040943,11.86799695010475,12.9362213709719,0.011068787384017313,-1.6678696176903238,-6.333751722791828,0.5509317882333812
Croatia,HRV,Renewable vs Non-Renewable Energy Generation,1.3369585482567894,1.2758124411435474,0.845562523480623,0.700229655004298,1.2006418020795646,1.1572693001147354,1.03859375,0.5954278971088542,0.8284774036142868,1.2533398090772065,1.6592653461812992,0.8690404115104603,0.9579555798288734,1.9416528856419168,2.74720451215129,1.928927901779981,1.876495085939954,1.4617897202021446,2.5403334718470805,1.8911974623314831,1.7685895712246884,2.248350240256274,0.011068787384017313,-1.6678696176903238,-6.333751722791828,0.5509317882333812
Haiti,HTI,CO2 Emissions Per Capita,0.6747053215673022,0.6834914304122499,0.7500759251293014,0.729310113030221,0.6656520150836542,0.6681030898056388,0.6639148175623291,0.7763502738507218,0.7545945821554263,0.7326088370567273,0.882186669653597,1.0366673617423283,0.9110358447447253,0.9538305851183577,1.071142138380484,1.1507437416441897,1.158356926348318,1.1349889030678115,1.1129553197248814,1.1073098339868024,1.062182011163016,1.0170688395938037,0.011734911998675936,-0.2964410411678106,-22.558689366085833,0.8644363110972071
Haiti,HTI,Renewable vs Non-Renewable Energy Generation,1.071969696969697,0.909967845659164,0.9059233449477352,0.9107142857142857,0.9059233449477352,0.9106529209621993,0.9063545150501672,0.49044585987261147,0.5934426229508196,0.4027237354085603,0.4328317073170732,0.14296717467760844,0.2534004550625711,0.1566816192560175,0.0981049840933192,0.0900544502617801,0.07345014807502467,0.1412230603448276,0.23754787013975898,0.23755121089310405,0.22254236237327182,0.2227620999321255,0.011734911998675936,-0.2964410411678106,-22.558689366085833,0.8644363110972071
Hungary,HUN,CO2 Emissions Per Capita,17.33722270408956,17.7628948684162,17.63991573737268,18.325247580643254,18.01520011415686,17.885224440211303,17.978973763549543,17.65824635483275,17.18185835122833,15.714662729318096,15.750599918020189,15.242002721293911,14.224373179426317,13.379048372488977,13.415494738948125,14.340171951354803,14.6796471149497,15.371902777962244,15.504431670336363,15.480835076579083,14.517730220020221,15.112625796829235,-0.2776115694028916,9.350323053600075,573.3549042358819,0.6218986808870635
Hungary,HUN,Renewable vs Non-Renewable Energy Generation,0.006953187592995307,0.007107694009624426,0.006597995545657016,0.00993818214085007,0.028537471011839375,0.055192350823348876,0.04344730256649014,0.049460120282585285,0.06255519273654031,0.08768863780934782,0.08791668364821985,0.08129948065203688,0.08271090062208884,0.1013326183378172,0.12002959774493371,0.11901640190188346,0.11374134199134199,0.11822660098522167,0.13306950284442245,0.15844059322320192,0.18805482806707255,0.23677209273659233,-0.2776115694028916,9.350323053600075,573.3549042358819,0.6218986808870635
Indonesia,IDN,CO2 Emissions Per Capita,6.338780788479055,5.698144143124329,7.3730094556578605,6.466365153154993,7.634735088199516,6.661541499132554,8.149682219820324,6.419129428691359,6.273385452641464,7.617647894200289,6.6899854746062255,9.233769545634042,9.305645723826133,8.730676007507354,10.034569837310976,10.113987952880207,7.960504912587763,8.202226902689922,9.301113620514096,10.29688140950109,8.573964743851356,8.0450181992874,0.10857592495250454,-25.178380923913736,-205.21318110347897,0.6915923605760742
Indonesia,IDN,Renewable vs Non-Renewable Energy Generation,0.24988557404220058,0.26448798904305365,0.22841848209920138,0.20327194645730629,0.2022278301750465,0.2057908189652826,0.1815403879545058,0.1959673967348386,0.20362917687236046,0.19731478997414967,0.24284399136298898,0.18910562825137178,0.17539016666647922,0.18767641972965562,0.16990429097983964,0.16060239458655018,0.1821784802310015,0.19431147513771752,0.2044915052869193,0.1924556473394473,0.2199992111294528,0.22103333128551073,0.10857592495250454,-25.178380923913736,-205.21318110347897,0.6915923605760742
India,IND,CO2 Emissions Per Capita,2.5694659513109577,2.776158284062982,2.8275668644247065,2.858772240234841,3.02868687780177,3.112198561701092,3.270471690910919,3.534079623374123,3.7172311263590085,4.015054129768836,4.20571105840592,4.347989093512339,4.682570142824854,4.763113532627839,5.082596597169416,5.071047655854738,5.131763985278481,5.367498488976128,5.618941869454479,5.48705369005425,4.944949938736437,5.333872400527321,0.16732508886323116,-5.27575729893816,-331.26947464349587,0.9509589008254669
India,IND,Renewable vs Non-Renewable Energy Generation,0.15971262806723147,0.15851738459577655,0.14850034087065248,0.13492013700661468,0.15172497961332054,0.1698647341995227,0.19798685028982732,0.20768494156592615,0.20507268985058463,0.1863184362431913,0.17968198477928057,0.1889590482651698,0.19691310305068158,0.1851887195037704,0.19874945834102484,0.17985699380051867,0.16292170609077045,0.17131071497065167,0.18554762865231927,0.2052992617416752,0.22610764086533522,0.23285063472257336,0.16732508886323116,-5.27575729893816,-331.26947464349587,0.9509589008254669
Ireland,IRL,CO2 Emissions Per Capita,39.11724371237687,40.578403976935746,38.955355396194314,38.184212288137616,37.726195068769535,38.60035603524497,37.34948793532185,36.18408724438739,35.11614172664305,31.086704875120578,30.682336417950694,27.977063444906253,27.783462035384893,27.114020497355426,26.57349386268877,27.672980956865405,28.21282456188681,27.49243428635258,26.897317727470337,25.640071737456275,23.752407618714077,25.010424472757094,-0.9350025692917789,3.643792440287488,1910.6100208508042,0.910310684616601
Ireland,IRL,Renewable vs Non-Renewable Energy Generation,0.052035802035802034,0.04291863429311714,0.05803552681308529,0.0472571737054109,0.05766287487073423,0.07774573586405892,0.09897078655585764,0.10816751059580765,0.13490142321711204,0.17011613770242046,0.15142585380707016,0.24947035328409936,0.23785350729538474,0.2773193178671077,0.32453829354127584,0.3829550735839146,0.3266759746902456,0.4038780576001937,0.4874233416462331,0.6158393831607959,0.7160587968855598,0.5732539260111632,-0.9350025692917789,3.643792440287488,1910.6100208508042,0.910310684616601
"Iran, Islamic Rep.",IRN,CO2 Emissions Per Capita,16.35475355107088,16.4130187219166,17.062098289549507,17.81091773841865,18.8626028198216,20.120009658320694,21.376757530231874,22.387599016297386,22.585403881037003,23.225308943951635,22.79945943365906,23.466097748317917,23.52562171100316,24.062171037361097,24.62765599635035,23.859962642650903,23.63278724096881,24.114814049004583,24.25931400787843,23.602699005796875,23.014102714127347,23.483213388076116,0.3599726237880869,-5.310992013747804,-701.5620542382638,0.7273175912717289
"Iran, Islamic Rep.",IRN,Renewable vs Non-Renewable Energy Generation,0.030088816702306523,0.04069666155026861,0.06076958771415249,0.07790819807639769,0.06831204398248893,0.09977896082560818,0.10496464533452673,0.09753784112431131,0.02364174919147188,0.03475845449020616,0.04363845740392368,0.053972270782095856,0.0071542449369883234,0.05939683538368972,0.05417106625581383,0.05386690348636501,0.0613245469205914,0.05288009233342345,0.05672448348343217,0.10553940873766017,0.07535907555382317,0.04378017002429334,0.3599726237880869,-5.310992013747804,-701.5620542382638,0.7273175912717289
Iraq,IRQ,CO2 Emissions Per Capita,11.179525194793849,12.243773608617401,11.186320958518804,9.446169933099789,9.961564599352423,9.443641275920527,9.112124879612455,8.535152307009898,9.496630000341225,9.721206108116993,10.841463151220019,10.899332796519223,11.830812524356297,12.048720123302651,11.029647889724867,10.535769859551984,11.023209078994201,11.853912525912293,12.505389735776916,13.163649106764776,11.517293657534566,11.997856565660832,0.08990511635373646,-10.317829328051436,-169.12494057530495,0.49043741781208794
Iraq,IRQ,Renewable vs Non-Renewable Energy Generation,0.019527629518361084,0.01953655992160086,0.01953995303185404,0.015515820403482997,0.015502169674863215,0.20400279455882958,0.19313721680332646,0.1650457250689505,0.10467037092656555,0.07538688516936293,0.10802292601150831,0.08268159680638723,0.10557098928554268,0.08954532749464268,0.04612258432685041,0.03939679165134362,0.04475516442494522,0.02682927318056818,0.02714157336868591,0.06371369790054031,0.055683583806104046,0.055683583806104046,0.08990511635373646,-10.317829328051436,-169.12494057530495,0.49043741781208794
Iceland,ISL,CO2 Emissions Per Capita,50.84720712291745,49.44274125866764,50.345120821638616,50.27878764234718,51.256663992686775,49.255998924963095,50.13977567795328,51.31659617544919,51.835065208213884,50.77617554843185,49.538772221191614,48.09655625458443,47.625291444767335,47.010976733052466,46.11435555277257,46.43920995420401,45.63976055557046,45.43221224519511,44.675143141463074,42.90322553340194,40.02963494813938,40.55017796896811,-0.6235614735060058,0.00046572746160263836,1298.8743800294023,0.855848564797118
Iceland,ISL,Renewable vs Non-Renewable Energy Generation,1535.8,2007.25,1401.6666666666667,1415.6666666666667,2154.92975,1736.2566,2481.56725,3991.0940000000005,8232.545,8416.215,8528.7015,8604.1515,5848.855666666666,3622.2652000000003,6040.232666666667,4699.15775,6182.938666666666,9227.72278177458,10577.0496,7322.160781367394,6237.252689925009,7961.50689935065,-0.6235614735060058,0.00046572746160263836,1298.8743800294023,0.855848564797118
Israel,ISR,CO2 Emissions Per Capita,29.691055083479085,29.17629359729771,30.145027829375948,30.46205826554255,29.88352144793656,28.307755336863824,29.207443689836538,29.742009946936673,29.581009748385508,28.552664187773853,30.026657230179968,29.041884851399733,31.116069699134062,26.96173991525529,25.602817800674316,25.8946459153232,25.27576109758951,24.991511418062036,23.056365144999326,23.083707502761207,21.06864995192673,20.522959934801637,-0.12359465937235321,-98.8086154359335,277.4333463201647,0.889621644941049
Israel,ISR,Renewable vs Non-Renewable Energy Generation,0.0007271874266948159,0.0004552593840340534,0.0007037916776634117,0.0009149325503212903,0.000825571549534293,0.0008380866091468814,0.00053846001622702,0.0005032733224222585,0.0006537444933920705,0.001567504255046577,0.0033196321224888245,0.006804445343856454,0.008245749292215165,0.009368468241823302,0.015973665226425765,0.021002534381483706,0.026912823351653643,0.02956400573449808,0.03176500564283403,0.04938762821929504,0.06598036370620783,0.08248573981572356,-0.12359465937235321,-98.8086154359335,277.4333463201647,0.889621644941049
Italy,ITA,CO2 Emissions Per Capita,25.984411892864937,25.819834869159845,26.15093531860798,27.08748053840229,27.127883337438654,26.988648545362253,26.636734629547803,26.54481903737463,25.410895719209694,22.497430556525032,22.88602387308814,22.355110795386462,21.334346036075384,19.124537415528533,18.040268673647958,18.57575626438093,18.451680514145586,18.447778689208224,18.02478499196316,17.833141599633855,15.901948608209134,18.041232106875103,-0.18210142522359934,-13.147040860494986,393.8388663208535,0.9702064495110574
Italy,ITA,Renewable vs Non-Renewable Energy Generation,0.2253674374144202,0.2419074977384965,0.20390120169529452,0.18972551358556622,0.21592455845745465,0.18974991601444804,0.1921635407929507,0.17926553455686633,0.2228642862294564,0.310006433908897,0.3419436891323451,0.37776602926018354,0.44544835594375154,0.6300554345674123,0.7583704999139731,0.6256488322375359,0.594430722914702,0.5413903928953552,0.6527747087233887,0.6508735899164012,0.71464413042475,0.673602366275514,-0.18210142522359934,-13.147040860494986,393.8388663208535,0.9702064495110574
Jamaica,JAM,CO2 Emissions Per Capita,12.469118491466023,11.35146847857759,11.387374805742,11.678202683714655,11.665121399056465,11.680742720490368,13.389182385877765,13.24930945561285,10.546685167994223,8.47939242639126,8.005759608631786,8.882778569345152,8.082780863006494,8.56923006033978,8.280414075128306,8.116496563360526,8.669411762607064,8.380216304725579,9.960020852930558,9.7874625575695,6.7655042872804065,6.918095693842514,-0.4687537338774265,43.26064228296098,948.854685003915,0.7199836371891228
Jamaica,JAM,Renewable vs Non-Renewable Energy Generation,0.034292269913975555,0.02934519175600361,0.039429107041436796,0.0478145739442593,0.0545229580419979,0.060938846291090434,0.06568714448445029,0.06231251732598504,0.06032329880940857,0.05548896975493602,0.05766096117707191,0.07031992910442969,0.0744573011565882,0.07018985751713742,0.07636553668360216,0.0745206803051458,0.09096817542606363,0.1321773585295546,0.14100742915656608,0.1374588196806784,0.15115119133182353,0.14627683704248032,-0.4687537338774265,43.26064228296098,948.854685003915,0.7199836371891228
Jordan,JOR,CO2 Emissions Per Capita,10.23525365562973,10.022531671544032,10.18370309553615,10.220580349536526,10.77700183662746,11.255923819950711,10.635082216945698,10.398654027361271,9.655199858492693,9.812253427884965,9.400579066743731,9.437088261570356,10.901505490051601,10.088420240827134,9.553655001729028,8.72159308364245,8.2178443555904,8.475923018142936,7.886361578184805,7.25197721700886,6.382543393138135,6.70428877939714,-0.09172806900328952,-8.668239810222202,194.2141720363768,0.846089388339209
Jordan,JOR,Renewable vs Non-Renewable Energy Generation,0.006134133042529989,0.006803628601921024,0.007559796753005329,0.006264094211976948,0.006960035922766053,0.006780721886083872,0.0054249547920434,0.005797555625195863,0.005253443135027687,0.004858128564387805,0.0049646354733405874,0.005243232515678336,0.004241921820162169,0.0036875399732542594,0.0036799055152713692,0.012260356915232633,0.04595468171960709,0.07136093851432809,0.11803163492618153,0.16679205125782845,0.25170765115663857,0.31961422569027614,-0.09172806900328952,-8.668239810222202,194.2141720363768,0.846089388339209
Japan,JPN,CO2 Emissions Per Capita,30.458103364545146,30.098807712219518,30.71084376587547,30.72889856436837,30.59947642838581,30.772691041276328,30.239630927432856,31.05275453520676,29.413934256920424,27.883233871968883,29.048463073756544,30.263875229565137,31.254976873751257,31.54037179826593,30.37342898666677,29.48901056681165,29.043527850254968,28.649651266602078,27.59832554312323,26.785280959418166,25.178518746445857,25.825400749813866,0.021045931041960574,-31.984938522229807,-8.547107945586866,0.7318687385469842
Japan,JPN,Renewable vs Non-Renewable Energy Generation,0.09989596530803539,0.09840576572506127,0.09685227537635391,0.11523882447235964,0.11143332686632698,0.09563578012110098,0.10863160327963262,0.09124123167491734,0.09757517895979495,0.10111194359905407,0.10000084552216161,0.10970151341371304,0.1041007308452043,0.1155873889602884,0.13692443595357448,0.1599121259600951,0.16440039363015077,0.18367467623346673,0.19565609501157843,0.21700354977472808,0.24107578567245755,0.25225693719697284,0.021045931041960574,-31.984938522229807,-8.547107945586866,0.7318687385469842
Kazakhstan,KAZ,CO2 Emissions Per Capita,30.74387570334004,30.774771024882668,34.800469388007826,38.88755575836344,40.99948278137111,44.08825459012456,48.49486798525092,48.51246690754028,47.34058735256485,45.494550343065995,49.01342641769276,45.519387159497114,45.48160138350855,45.175671488113316,47.937911510308865,47.89015250724427,47.18103789130695,49.529763447611295,51.08150513294374,44.980462239232594,40.494022259780046,39.83140039270589,0.2234684172759453,-134.81052562566478,-388.66284526586685,0.6044176657050275
Kazakhstan,KAZ,Renewable vs Non-Renewable Energy Generation,0.1719681227593451,0.1656757421682795,0.1797702822939416,0.15568146847450262,0.13585110718652357,0.1316864196296111,0.12052152952777473,0.1198357373551376,0.10155488767206006,0.0946666481045788,0.10749923617066895,0.10037736807999695,0.08926183124552403,0.08113690757113341,0.09571587144566117,0.11542311950267035,0.1455396276177456,0.12781913974968573,0.11443341870793766,0.11878126738499943,0.143361402575673,0.12354942590980222,0.2234684172759453,-134.81052562566478,-388.66284526586685,0.6044176657050275
Kenya,KEN,CO2 Emissions Per Capita,0.7843875121120112,1.3070041438232287,1.248006439510061,1.128337463109826,1.170632206992468,1.2180850701712829,1.274763993952865,1.2375935503027296,1.2415047960804244,1.3640144359971864,1.4133802542494023,1.2332872772049275,1.1385545225627174,1.216911640728617,1.3366676472435786,1.4223887476743535,1.1582775482950398,1.179629338375023,1.129623146388875,1.1444709387073382,1.0927021529156624,1.1783399653666875,0.009774262320118644,-0.030103241851464357,-18.329884693273485,0.1550829533224073
Kenya,KEN,Renewable vs Non-Renewable Energy Generation,1.3287163677130045,1.3246176389272877,2.5749858934169283,4.143166309012876,3.7280302336234543,2.7173393393393392,2.4389229461756377,2.44542193755004,2.0771867258705305,1.4685061693011776,1.6839290301170144,2.1423401052192337,2.4640507002116054,2.607231602224919,3.026863991368999,4.993038099743129,4.692972967054623,3.803837944441314,5.08229519161551,8.578969302935034,10.617997147992941,7.42525683286846,0.009774262320118644,-0.030103241851464357,-18.329884693273485,0.1550829533224073
Kyrgyz Republic,KGZ,CO2 Emissions Per Capita,2.8146111462926666,2.5645710157529678,3.1180126637545844,3.46617819007396,3.4416352304738766,3.236387633556735,3.220570760961215,3.9436028179333382,4.540715734483991,4.178469373618412,3.83950227610639,4.49134514289341,5.907619374910828,5.421494936009512,5.327799646131437,5.373076044922696,4.686503343038078,4.258149568100416,4.953144374960457,4.203796122951581,3.728154229699539,4.072061391029616,0.06647044891298413,0.11716853086454529,-130.5595181580897,0.523120462583013
Kyrgyz Republic,KGZ,Renewable vs Non-Renewable Energy Generation,6.571565802113352,6.453790238836968,6.420833333333333,6.580971659919029,6.592282507015902,6.647836424155967,6.656509019990248,6.687726838586437,6.461921921921922,11.660508083140877,11.345362903225807,14.042296368989206,14.336703741152679,14.439581036383684,10.60414673046252,5.765736264878632,7.0947797112180675,11.353717026378897,10.156983755408952,11.036152253543559,9.809509507683197,5.9411817031752445,0.06647044891298413,0.11716853086454529,-130.5595181580897,0.523120462583013
Cambodia,KHM,CO2 Emissions Per Capita,0.9447670546218073,0.9408202428686473,0.9231862193245082,0.948678474957596,0.9339273097701348,0.9910171201131643,1.0498043005453643,1.208145909842884,1.2558468278718242,1.440886998348373,1.5036030981098523,5.742789481596704,5.725045253079807,5.66022585143966,5.858001222945487,6.0833274990411885,4.117398658549885,4.286259692234495,4.307185542142963,4.946307458421424,5.013166714114775,5.113116581549137,0.15527468590320082,1.584739979262279,-309.88741912255455,0.7348934110830029
Cambodia,KHM,Renewable vs Non-Renewable Energy Generation,0.07644952380952381,0.057653333333333334,0.0565056543892017,0.06872342280708815,0.0404919356079736,0.05318950353591557,0.05150099293110363,0.044204222022380245,0.03737818287360043,0.04854308904252877,0.04408843470908702,0.07264391259235838,0.6015930951707136,1.3888263300077563,1.5998882343549103,0.981288948627088,0.9309383648674523,0.7361012055936227,1.4541530897306962,0.9553870922957729,0.977557274988662,1.4359172810807037,0.15527468590320082,1.584739979262279,-309.88741912255455,0.7348934110830029
Kiribati,KIR,CO2 Emissions Per Capita,1.3893735955688649,1.182920137853332,1.6779584090909092,1.6859462789760558,1.7029960736718492,2.2382933434864105,2.365146788365656,2.044261508951155,2.28081836090645,1.9751081651194387,2.0337268702254736,1.877124347553039,1.8056131752943076,1.8671199509315073,1.8409515548114967,1.8872630679222324,2.0095364555787123,2.3161492775128365,2.3009364407292603,2.3966082392285966,1.8935245836331576,1.9318419443021864,0.031051512713808828,-0.5639561283711018,-60.44258174314512,0.2716237893970511
Kiribati,KIR,Renewable vs Non-Renewable Energy Generation,0.007894736842105262,0.007446808510638298,0.007446808510638298,0.0058988764044943815,0.01673170731707317,0.01828054298642534,0.017838983050847457,0.018771186440677965,0.020355555555555557,0.02027027027027027,0.030648148148148147,0.03302752293577981,0.034867256637168144,0.036551724137931035,0.06630031038518293,0.193010013744355,0.22848567274773718,0.20350877192982456,0.21783608135756408,0.19567567567567568,0.19567567567567568,0.19567567567567568,0.031051512713808828,-0.5639561283711018,-60.44258174314512,0.2716237893970511
St. Kitts and Nevis,KNA,CO2 Emissions Per Capita,3.3356808253228034,3.4290162245031097,3.807094645945012,3.971885395533156,4.348438784886218,4.018789729266987,4.485967137432264,5.023808018717429,5.277671327084571,5.945540682231528,6.530009168196105,5.149160019755785,5.450495119114966,6.505961521552538,6.6915123982506435,6.694915861058799,7.246385912781451,6.6235537511771465,7.518680701827852,8.348512847920858,7.0978461021787504,6.860463281939252,0.21335921901353094,-0.7379528663603978,-423.2897882027786,0.8849798225856673
St. Kitts and Nevis,KNA,Renewable vs Non-Renewable Energy Generation,0.0,0.0,0.0,0.0,0.0,0.0,0.0,0.0,0.0,0.0,0.026451612903225803,0.025512192602262427,0.03745846731627108,0.04064551122877033,0.04933461215681573,0.04723550793954467,0.048722062880960725,0.038058185977188505,0.0376849611945225,0.03625057443663809,0.046162298333065344,0.04739043112223843,0.21335921901353094,-0.7379528663603978,-423.2897882027786,0.8849798225856673
"Korea, Rep.",KOR,CO2 Emissions Per Capita,29.868979886449814,29.86448075847911,30.242647411646903,30.34657521354672,31.57422995533989,31.396633696693844,31.640618458305667,32.255700427564605,32.57274706588815,33.020467494019975,35.750196942142765,37.325487294579176,37.336793108358314,37.10236419484759,36.46667784960976,37.52068697681877,38.32156417949048,38.786762313088396,38.80191384355912,37.654626710297585,35.29314635758971,37.01246700494557,0.644111786296972,-93.73779834813293,-1258.336824005605,0.8986961749929727
"Korea, Rep.",KOR,Renewable vs Non-Renewable Energy Generation,0.014373372025942695,0.013883273557222041,0.010455231878409977,0.015064589833239725,0.012738941108186097,0.010515443584593265,0.010044924663065027,0.010779190981150016,0.009899265472692188,0.010419792938017015,0.012541583387726474,0.014601133757393754,0.01432914838159329,0.016471953984617777,0.015769357702426892,0.019632694099307266,0.02923073827688447,0.03398941011456264,0.04063426341470296,0.04945965261835665,0.06194456374508573,0.06547246871543894,0.644111786296972,-93.73779834813293,-1258.336824005605,0.8986961749929727
Kuwait,KWT,CO2 Emissions Per Capita,82.85042828496134,85.52942422956768,86.85521338950963,88.45203920379005,92.05079678854841,99.84288273300164,98.21129567459549,90.78773607380656,92.41653754003313,90.21324130242706,89.11074267095111,86.294032634132,81.21085451221519,77.52040968781724,73.67443593310689,73.92167630821469,73.06377858024227,71.39346969384017,69.75189911852284,68.29852592645966,68.00839259029583,73.80797961960548,-1.162178926398662,-580.9360584542729,2419.155267784215,0.6293831721554606
Kuwait,KWT,Renewable vs Non-Renewable Energy Generation,0.0,0.0,0.0,0.0,0.0,0.0,0.0,0.0,0.0,0.0,0.0,1.9134095218215658e-07,1.7997676663557977e-07,2.9844872257387424e-06,5.032238256063863e-05,7.453725398313027e-05,0.0006964971106513519,0.0007041545309666429,0.0007445582500033737,0.0008282825591773122,0.0008065778541296226,0.0026569896610358825,-1.162178926398662,-580.9360584542729,2419.155267784215,0.6293831721554606
Lao PDR,LAO,CO2 Emissions Per Capita,2.579070522991508,2.9083560473409187,2.9207136191445713,2.9081741421481384,2.9051926681387688,2.8931407101010254,3.0497429718159625,3.0671857841991557,3.1984569516812718,3.388548763629768,3.4835051015131375,2.9572921414385522,3.0303259130749547,3.303277388814773,3.462606242977984,5.3855553477691585,8.385529166871635,9.678849413189669,9.758350094989366,9.290406777099392,9.112178685709033,9.29063902418527,0.36798879077872554,-2.9446805926885177e-05,-734.9259902534006,0.7058843641281094
Lao PDR,LAO,Renewable vs Non-Renewable Energy Generation,0,0,0,0,0,0,0,0,0,0,0,0,0,0,0,40016.24,86.30479831397344,41.80206143636947,34.215853737113406,2.1458336512478144,2.099473613098077,2.2593548720394216,0.36798879077872554,-2.9446805926885177e-05,-734.9259902534006,0.7058843641281094
Lebanon,LBN,CO2 Emissions Per Capita,11.248936813093978,11.827098223366447,11.647456268584147,11.543261516642106,11.500249716216915,11.137506022126862,10.670050375815912,9.494138482595668,11.724942634574381,13.650708753649416,12.936658345209972,12.986446816447625,14.665514761206156,12.942664905805769,12.669369666333138,13.54263989113822,14.368891786031394,15.50344981513285,14.845914177815935,15.195506371513762,12.340783319497723,13.144906437238575,0.1734360303153194,0.6070222315966768,-336.0258886134836,0.5026266848252927
Lebanon,LBN,Renewable vs Non-Renewable Energy Generation,0.0661201371292294,0.04231344083004739,0.08266606697351346,0.13782308953019753,0.12031636414801676,0.11537162072755694,0.0808190895433612,0.06513406168280253,0.03641670378404115,0.060275596791852716,0.08091603156409057,0.08170799185559728,0.12569842790985658,0.10079833776485349,0.017746792967121935,0.04350228374652325,0.034275667984389246,0.03597864617317346,0.02017059812450565,0.05078066720428409,0.060104042580017704,0.036211754939231025,0.1734360303153194,0.6070222315966768,-336.0258886134836,0.5026266848252927
Liberia,LBR,CO2 Emissions Per Capita,5.11405987046909,5.0195653831803755,4.895211759240593,4.903517080970824,4.897232676609082,4.808062548952673,4.585318611534362,4.317073567610124,4.056410516223132,3.8914830197492183,4.025578903848699,3.9316371553280796,3.869395536666559,3.718781387491691,3.8492425039795126,3.8022732287744434,3.81552420827705,3.6089578201867103,3.6585849008598417,3.62008792649734,3.571001514864422,3.575862754110204,-0.092849234226132,0.29671632350006916,190.6713364652722,0.9213579339115584
Liberia,LBR,Renewable vs Non-Renewable Energy Generation,0.35627142857142857,0.35627142857142857,0.35627142857142857,0.35627142857142857,0.34163013698630135,0.34163013698630135,0.34163013698630135,0.3197307692307692,0.3197307692307692,0.3197307692307692,0.2854233409610984,0.27413186813186813,0.27467032967032967,0.2702051835853132,0.2746976241900648,0.27496760259179265,0.2614489795918367,1.3460714285714286,1.3486020408163264,1.3486020408163264,1.3486020408163264,1.3486020408163264,-0.092849234226132,0.29671632350006916,190.6713364652722,0.9213579339115584
Libya,LBY,CO2 Emissions Per Capita,28.240405230862944,27.57264315637323,27.63595966533748,28.70073698946044,27.857010397599126,29.432185380540478,28.644014080831095,26.23162938487762,27.592114247066252,28.906765937532377,30.15248328632153,22.374287050437836,32.357204909989484,32.53862668262376,31.94229128086951,27.058268258229862,26.03809026795725,26.821036177572537,27.12699839297118,27.018929009932585,22.362131681490467,28.92442087830983,-0.018833730082155713,-3649.6066060644885,66.41216301460658,0.030217833939757077
Libya,LBY,Renewable vs Non-Renewable Energy Generation,0.0,0.0,0.0,1.6787203716412395e-05,5.5093555093555095e-05,8.549536227987633e-05,0.00010919447362042498,0.0001333384157962949,0.00014975929672783088,0.00016751720277878378,0.00018069291725535968,0.00025685603292434323,0.00022730853391684903,0.00020549679529449004,0.00020653182408610134,0.00020774338052955763,0.00024802623201324335,0.0002341467812706618,0.00022805374235283787,0.0002250368273591173,0.00026418229290291954,0.0002250368273591173,-0.018833730082155713,-3649.6066060644885,66.41216301460658,0.030217833939757077
St. Lucia,LCA,CO2 Emissions Per Capita,0.9846525379310346,1.254508537678867,1.0885291410948155,1.3903216563322236,1.3343483192177255,1.4201512328733987,1.6042394209166817,1.8249001892333958,2.0235056188306757,2.2346139668096736,2.6304910866703715,1.7299535165122426,1.8976805139668682,2.4276585027992033,2.501931551909567,2.4252039767000904,2.6223917001581523,2.5431835710616766,2.647647783998921,4.748080623575592,3.8951674988981084,3.7260684382497162,0.08576850987129425,36.48574227953376,-170.42326934571014,0.845296745371368
St. Lucia,LCA,Renewable vs Non-Renewable Energy Generation,0.0,0.0,0.0,0.0,0.0,0.0,0.0,0.0,0.0,4.4078349265819995e-05,8.139046418819575e-05,8.047600257523208e-05,0.00020271165825933057,0.0002428350601604278,0.0004085064214573928,0.0030975586726397185,0.010029864778211231,0.009839549676442724,0.022383199575180097,0.02639236518835755,0.02827241192791154,0.026103357610361387,0.08576850987129425,36.48574227953376,-170.42326934571014,0.845296745371368
Sri Lanka,LKA,CO2 Emissions Per Capita,2.275353416908943,2.1342888753466847,2.2026938018044016,2.3524778330306204,2.3979169329811123,2.5750858494207494,2.2969347634653743,2.480717085482071,2.3076171423306624,2.180825283240889,2.3412838415376562,2.5901217513082493,2.8836452788763385,2.425986766078503,2.854575980826628,3.142764998115689,3.822288254730556,3.7597710008451735,3.508345660682972,3.7389896455074982,3.4447872589990407,3.2372666624390694,0.07478221231758202,-0.6947065756057423,-147.0346731903563,0.8278081612986109
Sri Lanka,LKA,Renewable vs Non-Renewable Energy Generation,0.8992044075652742,0.878384141881323,0.6387269169304564,0.7704642689941921,0.5813418112205032,0.6483193096814561,0.9716085200530155,0.6717684016223401,0.7219194863786221,0.65679179916318,1.1471027232679216,0.700542292956086,0.4177448135268018,1.519844787481497,1.1338306896551724,0.9511711818993748,0.4900953928897427,0.4459644764715752,0.8303474844574646,0.534268885037404,0.5811332469211524,1.0476161172987675,0.07478221231758202,-0.6947065756057423,-147.0346731903563,0.8278081612986109
Lesotho,LSO,CO2 Emissions Per Capita,0.6270877573017517,0.6368147619557754,0.6685956548674516,0.679157097379367,0.718574653991369,0.7233835645870587,0.7404323572274102,0.957731300527108,0.7814497101273474,0.8942266932249107,0.9164326477804688,0.9279513323259769,0.9824905690221236,0.9752842214742096,1.0008213528556607,0.9791548372661869,1.0369317226028418,1.0920865154930604,1.0656301984925503,1.1023584145586423,1.1042207155849342,1.0926180133371086,0.025689296696502554,7.348207351114641e-05,-50.83536409659166,0.9380337999877478
Lesotho,LSO,Renewable vs Non-Renewable Energy Generation,971.0158311345646,981.2585751978892,1051.9868073878627,1079.2189973614775,1068.155672823219,1209.3007915567282,1273.8997361477573,1341.9551451187335,1331.4722955145119,1336.5356200527706,1324.0606860158312,1294.664907651715,1283.8469656992083,1363.8416886543537,1377.7150395778365,1409.588390501319,1350.6437994722955,832.4569536423841,833.4177419354838,743.2632575757575,818.2030651340996,466.43120070113935,0.025689296696502554,7.348207351114641e-05,-50.83536409659166,0.9380337999877478
Lithuania,LTU,CO2 Emissions Per Capita,7.8515866417719415,9.242741277992684,9.673551166445499,9.996255841436541,10.895512483732222,12.016320328376462,12.635231041903614,13.341125734767557,12.840495004269544,10.672023219396278,10.861878936758101,10.880252787295067,11.217237718528152,10.703323749724865,10.87344218066838,11.489476841279071,12.195070570675792,12.759326259376762,13.582719942902893,13.767197662104614,13.342087261193218,13.839054597568799,0.16938757877718005,0.12650784849625218,-329.0373497543217,0.5248207974301315
Lithuania,LTU,Renewable vs Non-Renewable Energy Generation,0.03067207938655841,0.022763550558678604,0.020618556701030927,0.017331384422635206,0.022710389472567122,0.032113934655124264,0.03610857474890014,0.043274244004171014,0.045232589587559165,0.04661925855254191,0.18831976023150063,0.2998040431266847,0.30647668393782385,0.4715698393077874,0.5235620235620235,0.5155145929339477,0.9649930907415938,1.5386939840616192,1.6874091083046305,1.643327787021631,0.8752336607415966,1.0670763970857584,0.16938757877718005,0.12650784849625218,-329.0373497543217,0.5248207974301315
Luxembourg,LUX,CO2 Emissions Per Capita,67.93468587439837,71.29918391031086,76.14221821258471,79.71359144653809,89.42205504753383,90.6559897948654,87.48829263049655,81.96641399145403,79.93793419216207,74.2378256951322,77.36950538215575,75.60380396915579,71.84628164446103,66.79669355123676,62.047837887974325,57.45366891384189,54.386819801585524,54.31386796705213,55.62143608520436,55.51123426897698,43.98176113188213,45.32135415677182,-0.8621667085079678,-29.1635174953665,1808.8698106397624,0.7635750675167747
Luxembourg,LUX,Renewable vs Non-Renewable Energy Generation,0.1713429993612226,0.11537704705984345,0.04264573600427799,0.04055358700611789,0.04958979343999712,0.05332835723425488,0.06008683220952453,0.07079743588234004,0.08623117351801336,0.0741742224974637,0.06199788862252511,0.07081734149349375,0.08779233022610682,0.14695407662774712,0.15487948472959093,0.18446756596813935,0.2627034257520066,0.36726526882042726,0.4505624364464621,0.7166545232119889,0.7760783989519672,0.8106595127192207,-0.8621667085079678,-29.1635174953665,1808.8698106397624,0.7635750675167747
Latvia,LVA,CO2 Emissions Per Capita,4.33994127220122,4.887980893131438,5.719388121582235,6.2851378812083265,8.077033067594233,8.595855345656311,9.103774139148927,10.037234748503062,9.268289035797183,9.522281142417429,12.045211234985493,10.754754237613174,9.697783358460498,10.25570094904869,12.049562167779627,11.76246799816134,10.904735045064216,10.26751152478983,12.534064854029792,11.39972808861012,11.950772208041363,13.317162190300822,0.31940415199782524,-1.076712544223464,-630.782170235963,0.8327472878641273
Latvia,LVA,Renewable vs Non-Renewable Energy Generation,2.1504752475247524,1.9705329632199862,1.6676818791946308,1.4286120952962735,2.141006028131279,2.2876293565683645,1.3237700712589073,1.4556479670612454,1.5577778855480116,1.7666125186289119,1.2150945855614972,1.0198415644680145,1.99671185617104,1.3211700934579438,1.1991655969191273,1.0071545157780197,1.182334239130435,2.639153916739833,1.0844052593079336,0.9833147222585887,1.7585405024870902,1.7467705758039613,0.31940415199782524,-1.076712544223464,-630.782170235963,0.8327472878641273
Morocco,MAR,CO2 Emissions Per Capita,3.4836273786733147,3.793389077333546,3.8855061539357783,3.8310184010664416,4.171175237541881,4.386677736639663,4.4538799618798315,4.485701741732757,4.700750681839906,4.655100900739967,4.904255690944656,5.345853532060331,5.461450741479512,5.374842202649446,5.427009708074809,5.528714962760873,5.459425064311477,5.650136634606143,5.717590774184162,6.229559193886317,5.765633624450554,6.419884673760667,0.13630721366012022,-1.4653315488326648,-268.87601729796137,0.9617590298374297
Morocco,MAR,Renewable vs Non-Renewable Energy Generation,0.07235277803457521,0.08868151418311203,0.07947107488290042,0.12037086902413995,0.12278159148698303,0.0654508634379271,0.06305981525361175,0.06463131587508177,0.06425788579641971,0.1655614895913304,0.22153989115980496,0.12647479656784688,0.10096193424780826,0.18504951873392464,0.148621602332742,0.17462626991377722,0.18009566468018695,0.17316319894477786,0.2343134799293085,0.2324738700387367,0.2222573474823266,0.23357236443202212,0.13630721366012022,-1.4653315488326648,-268.87601729796137,0.9617590298374297
Moldova,MDA,CO2 Emissions Per Capita,6.989719246423867,7.079283719910149,7.319650887464213,7.967317282183303,8.062102106578575,8.44519547695817,8.211115565016888,8.177543536702341,8.203549036489749,8.071437809335642,8.908038357589591,9.167358815100785,8.885260213877869,7.9124032294501445,8.522065438105685,8.950821609335474,9.417397863003027,9.438247512239634,10.170305346145085,10.726947837719353,10.488847636359495,11.21812917244682,0.17470028147682737,-7.503711351251013,-341.89430195994225,0.8379772283567329
Moldova,MDA,Renewable vs Non-Renewable Energy Generation,0.07209791547140945,0.06715354470965444,0.06960856720827178,0.0673936360386128,0.06918700679023675,0.06716550864065562,0.06596675415573053,0.06818592873937421,0.06905734067104563,0.0613013698630137,0.07225279602343333,0.06627223338542829,0.04910118865604445,0.12801424178669688,0.10340571424348034,0.07255514835239661,0.06255477488730857,0.11071270210916252,0.10475949846824369,0.11055878826866283,0.09210967525600351,0.10448697834954501,0.17470028147682737,-7.503711351251013,-341.89430195994225,0.8379772283567329
Madagascar,MDG,CO2 Emissions Per Capita,2.086483098223031,1.6122843721881917,1.4551234455117015,1.48954133424658,1.4691629395553305,1.4405878510790477,1.3865338540246843,1.360402847925702,1.33322334520627,1.2799366398081706,1.2718869929588776,0.7494997389494025,0.8023409634315414,0.8077004304251558,0.8011260323763123,0.8160785936548326,0.7797564880649672,0.7940593269458058,0.7575199929853159,0.8111790046857726,0.658781919596111,0.6715616095891037,-0.042360496345195515,0.20486294806556365,85.96369610762736,0.8642188662891628
Madagascar,MDG,Renewable vs Non-Renewable Energy Generation,2.2559388504483797,2.09721604883397,2.1980474084007224,2.1428725931766404,1.8451230742140254,1.9091816836219249,1.7515944645006016,2.17033498863732,1.740387589801206,2.0580412291537984,1.5328766694163962,1.2384419246772052,1.3127344537815129,1.233004067402673,1.4014322614829289,1.6167865186297365,1.225787347531082,0.9140449064838653,1.2757454831638613,1.0031648072610806,0.8906041968588362,0.7491133441379257,-0.042360496345195515,0.20486294806556365,85.96369610762736,0.8642188662891628
Maldives,MDV,CO2 Emissions Per Capita,8.45911334232426,7.096913856830618,8.261058155766309,6.901552458398661,8.62994974789415,7.945332132317975,9.511709188265941,9.131062544367417,9.799042239887438,10.168072310671933,10.479480703311902,11.058856251735921,13.439086577608963,14.24619085165,18.37712068325903,12.89344100582669,13.401153835536222,13.729513547694747,15.174774875959145,17.4117246451989,13.725935608178247,14.07964738856703,0.5554281776278818,-43.87095417277175,-1104.5048095901313,0.7745007597649807
Maldives,MDV,Renewable vs Non-Renewable Energy Generation,0.0,0.0,0.0,0.0,0.0,4.393490799298018e-05,0.00016648239768802907,0.0002019476731140331,0.004342892980394603,0.0043934038309957025,0.004721313756871477,0.004571693528076469,0.007089814941653578,0.00832498656074299,0.013756267749286708,0.015321557683769901,0.022250705030735438,0.029159728899416055,0.040290102970842956,0.04621867345667908,0.059136571860615106,0.06179872237718045,0.5554281776278818,-43.87095417277175,-1104.5048095901313,0.7745007597649807
Mexico,MEX,CO2 Emissions Per Capita,13.045284777365854,11.94065887738941,11.981629244131621,12.436757257258932,12.591408381518935,12.962557684108903,13.30142484150754,13.38400120509157,13.308739141447797,12.8362371599969,13.102134415047267,13.943844806076637,14.116374687438203,13.62042402487952,13.104603644162918,13.173443446605697,13.211427890473393,13.07719423082155,12.293031936244612,12.387258803881455,10.424687926127767,10.872556202811602,-0.006206932518487442,-15.309019662591922,28.17534595457158,0.38112443503285587
Mexico,MEX,Renewable vs Non-Renewable Energy Generation,0.2468349429803023,0.20625467911423803,0.17713089779139649,0.13792310212261652,0.16881571023733616,0.17918598406831626,0.18108916937737662,0.16399437018964957,0.2126851474091386,0.14872638113665712,0.19907185691283344,0.17492551081789073,0.15990133916267407,0.15337142092380027,0.21262247840935147,0.18019349949286018,0.18030392091844252,0.1908835157838917,0.18480827497946756,0.19807859014050966,0.27012370130125096,0.26688409839644683,-0.006206932518487442,-15.309019662591922,28.17534595457158,0.38112443503285587
North Macedonia,MKD,CO2 Emissions Per Capita,13.584740044908331,13.772132280397585,13.0956472650393,14.145908645418109,13.739076359478567,14.33567054257667,14.279633021407415,15.26218726545209,14.935979142096967,13.661868400635699,13.623012432579209,15.073593786175536,14.244130709970285,13.057720895800065,12.439456845585743,11.96608729191885,11.687936190765694,12.291114368171256,11.631692423287161,13.281246337207122,11.52366066225306,12.881983428341206,-0.04869591245971633,-4.048383829891908,112.56244928273725,0.5156607875456318
North Macedonia,MKD,Renewable vs Non-Renewable Energy Generation,0.20741003368197128,0.10913528591352858,0.14191976002999626,0.25615212527964204,0.2858225650916104,0.2737211009174312,0.3079889843166542,0.1840435495626822,0.15355364649972583,0.2285622526088521,0.5035143922137089,0.2693507981220657,0.2000005749329245,0.353925127749389,0.3164299363057325,0.5608401990599945,0.5800138424775453,0.3011204592428478,0.5397430873617753,0.29691080040000334,0.40144441126848457,0.44239115723918904,-0.04869591245971633,-4.048383829891908,112.56244928273725,0.5156607875456318
Mali,MLI,CO2 Emissions Per Capita,0.24988138782915112,0.24770780764452222,0.2500186148589519,0.24776310039527094,0.2479602622193626,0.2480509553136284,0.2910332800899561,0.3371847205635544,0.3804571292361955,0.4657131709776762,0.4512638721256452,0.4663327282110787,0.47873046264818697,0.5237720818937484,0.5428402316136669,0.6416529687918124,0.7796836676219911,0.8188241569273622,0.8557827003990812,0.9207979264199544,0.9164076769078838,0.9626188010737102,0.043106302514739986,-0.11606209210954467,-85.96659031275756,0.9679771587211273
Mali,MLI,Renewable vs Non-Renewable Energy Generation,0.3728683792041732,0.5599006911238097,1.1603279797367216,1.560487260755998,1.4553132122537895,1.4263321284226083,1.3165307429288686,1.2580065239653897,1.2286191242177138,2.0373101878321376,1.7489685256118457,1.6901546970885746,2.1251850532768226,2.8523760597789867,2.264288507767033,1.9352081913552726,1.8160607760101222,1.5810050985364037,1.580639386036624,1.58180878480098,1.6520529030418354,1.6520531455245155,0.043106302514739986,-0.11606209210954467,-85.96659031275756,0.9679771587211273
Malta,MLT,CO2 Emissions Per Capita,20.231073750214694,22.19816395523984,22.178326757902767,23.64295976486645,22.537628046592303,21.020481475061537,21.02851068570075,21.4686885307973,21.058701227957457,19.668824790230722,20.236566869638217,19.94261071953645,20.665954633976785,17.98571538640317,17.543558042884953,12.4976427414263,10.183460589077555,11.087837950508442,10.936674916946952,11.217618790942385,10.433957406836754,10.484189187211692,-0.2592696544616542,-54.089636073633265,541.2249040151156,0.9529425060850902
Malta,MLT,Renewable vs Non-Renewable Energy Generation,0.0,0.0,0.0,0.0,0.0,3.348214285714286e-05,3.3171163202122956e-05,3.2665505226480836e-05,6.4878892733564e-05,0.0003113468634686347,0.0003218173213440606,0.004605809128630706,0.011360229276895943,0.016044675090252706,0.03476405529953917,0.0848279301745636,0.1890171662268983,0.11627664944945702,0.11284190112192617,0.1086365652233819,0.1277792220230684,0.13486759523685096,-0.2592696544616542,-54.089636073633265,541.2249040151156,0.9529425060850902
Myanmar,MMR,CO2 Emissions Per Capita,3.743827425694906,3.227927657468486,3.1979979555608904,3.3343494907211495,3.3410730119235423,3.3045329394641167,3.2519459831517348,3.2574300187383196,2.9976215801250197,2.9780302275778787,3.0365127985898965,2.650998187712295,2.846030992059948,2.9537287404557073,3.133376152255592,3.265969560571199,3.3029631139650277,3.863869550231093,3.8981588795005444,3.9024131524587418,3.91039799330246,3.9913663371171353,0.03525631806897839,-0.3549487174659057,-66.99411114822047,0.7296222173123987
Myanmar,MMR,Renewable vs Non-Renewable Energy Generation,0.6239500761072756,0.8031648095854487,0.7583229903988259,0.6611732968872628,0.7987495664726341,1.0279859370103415,1.2298694849833776,1.3740620682707805,1.6754172596713675,3.194006709955442,2.619420396937791,2.665086782376502,2.4906692177349266,3.3677126259867936,1.9770367116787364,1.6372335156439355,1.5246617687249018,1.5562253720406123,1.577938218663428,1.064015783333494,0.7696699078692996,0.86558394878464,0.03525631806897839,-0.3549487174659057,-66.99411114822047,0.7296222173123987
Montenegro,MNE,CO2 Emissions Per Capita,0.0,0.0,0.0,0.0,0.0,0.0,-6.705414576643226,-6.696160097422367,-6.684286568693079,-6.669962186273844,-6.657751344789063,0.05627250721279063,0.05622517527364603,0.056170326477325595,0.05611585532558177,0.056084377144749176,0.056071399302269155,0.05606509279804876,0.05607824797059594,0.02986023137222119,0.029894931000183488,0.0,0.24622001382280193,-2.8224618020508427,-493.34815334385246,0.5201642286176393
Montenegro,MNE,Renewable vs Non-Renewable Energy Generation,0,0,0,0,0,1.8697394789579158,1.4559068219633944,1.4930232558139536,1.1939487975174554,3.0058055152394774,2.161949685534591,0.8290998622589533,1.0805318215069495,1.7377987508674533,1.2326882477128782,0.9861111111111112,1.4200238828967642,0.8230413393053821,1.451083810381424,1.2821722946024994,1.0929181626841649,1.6153313482445815,0.24622001382280193,-2.8224618020508427,-493.34815334385246,0.5201642286176393
Mongolia,MNG,CO2 Emissions Per Capita,21.05845403367389,20.76764694182361,21.389485770360743,20.837620836701163,21.017418325584952,22.571525365389537,24.154318471108095,24.695906037012744,24.42574640483818,24.852140103190706,25.292628144472555,26.308272833788518,27.43766784918361,28.271840596270224,27.439635720813847,26.01156864611473,26.20738128900119,27.08022003339761,28.35028411616847,29.371435470218998,27.00254345535594,27.188543669510143,0.5466357820456873,-32.30886963791812,-1072.9669136188197,0.8723156592185534
Mongolia,MNG,Renewable vs Non-Renewable Energy Generation,0.0013421588594704683,0.0017964865760689427,0.0017416452442159383,0.0018381134480560865,0.0017462912503784437,0.0016870429950277858,0.0016283860045146726,0.0016808970548500405,0.0033534116470882278,0.0070215399851448375,0.01051147693021099,0.014534384945343851,0.013606842437020454,0.024516675299836636,0.03897665826389825,0.04113974926253687,0.045540193099480396,0.046202171265885744,0.07790500479199494,0.10465084414766283,0.10162600249372719,0.1144481478356257,0.5466357820456873,-32.30886963791812,-1072.9669136188197,0.8723156592185534
Mozambique,MOZ,CO2 Emissions Per Capita,3.020176853145495,3.011192712843996,2.9519923533879155,2.9587403347642858,2.910503503252776,2.811212162575502,2.76506021634278,2.76274971500922,2.680227629481509,2.650356747884935,2.608212150375559,2.485799116396128,2.4727680558548566,2.4564869464592345,2.473217475762234,2.476931739924449,2.861412666903351,2.763582935696922,2.6550289227681,2.6464372573825936,2.4988997422529216,2.5258655243533448,-0.025019031001376153,-9.397453808216219e-05,53.06052975483007,0.6166718945666464
Mozambique,MOZ,Renewable vs Non-Renewable Energy Generation,210.57014285714286,275.68632558139535,373.69779411764705,320.84752941176475,300.14012820512824,887.2626666666667,2305.9696875,2206.0565753424657,1391.1716513761467,1559.1246788990825,937.9834269662921,752.4043181818182,624.7164435146444,500.92625850340136,486.83838323353297,312.25161994903533,22.462152787731114,4.236847187237616,4.747819145322373,5.281228125994273,5.602497435716054,5.460020645974035,-0.025019031001376153,-9.397453808216219e-05,53.06052975483007,0.6166718945666464
Mauritania,MRT,CO2 Emissions Per Capita,1.5273852029441153,1.5798952918380358,1.6967879528320309,1.7312814918916553,1.843032944079143,1.8627190999747711,1.9313814588269813,2.106271590241725,2.361912131000304,2.2611090264418157,2.192936385588255,2.244940748511243,2.409576806606395,2.125538446453728,2.409752846735537,2.3884469238917236,1.7838973901068396,2.6310474505500574,2.7394008118552597,2.911847007960356,2.83066314216588,3.0104084878918065,0.06863822854698574,-0.6810319594100341,-135.7405161314742,0.7930352932125734
Mauritania,MRT,Renewable vs Non-Renewable Energy Generation,0.0,0.0,0.0,0.0,0.0,0.0,0.0,0.0,0.0,0.0,0.0,0.0,0.0,0.05062871927554981,0.0537142291070743,0.15497027348394765,0.18649170954831332,0.1615880626223092,0.23774975562072337,0.24677707006369423,0.23319690455717967,0.24000707964601767,0.06863822854698574,-0.6810319594100341,-135.7405161314742,0.7930352932125734
Mauritius,MUS,CO2 Emissions Per Capita,6.780631765993496,7.158222648076927,7.253066298860803,7.553942874803235,7.578523988065551,8.02857820287986,8.832738434322316,8.985271693973202,9.13381187038881,9.019987822152604,9.611925407869483,9.491817697803585,9.690522956774599,9.922219768898433,10.235786456318065,10.27659395793263,10.471920965193192,10.810464403539607,10.727043222972604,10.864835628384224,9.638442502215614,10.372562647769072,0.1168627634876592,-11.233035393802828,-222.31229741294197,0.9609024376574723
Mauritius,MUS,Renewable vs Non-Renewable Energy Generation,0.42012721853299134,0.40242808593721324,0.38127848864777664,0.37415504858470633,0.37654010960367207,0.3334600988066439,0.2860792755799344,0.28872022094617417,0.3030971805363758,0.3093343547249862,0.2737675793673535,0.25104912446230804,0.2545280331152284,0.2599149934558316,0.2553515892002734,0.29470257894509483,0.2800987934586119,0.25240625,0.2638982641266261,0.2802627529885194,0.3170983747727552,0.27607344993403976,0.1168627634876592,-11.233035393802828,-222.31229741294197,0.9609024376574723
Malawi,MWI,CO2 Emissions Per Capita,1.559920597268577,1.5344980758022262,1.48675242645041,1.4623744342409992,1.4226793188842914,1.4786190741544452,1.49027528003423,1.5139029179658379,1.5206435170849069,1.4447087336312951,1.4795521259683952,1.680060958026538,1.6216773209031805,1.4529897093718946,1.4018837974905398,1.3525764704784986,1.3153265488786843,1.3628117619504365,1.3517799045213865,1.3193689377573528,1.234542024665144,1.2101008875831571,-0.012286497763794313,0.001017317957649913,26.099823461735934,0.5913099033590898
Malawi,MWI,Renewable vs Non-Renewable Energy Generation,13.714254793423446,13.75932790890597,13.884429824722341,40.472281149417945,17.188505079177993,17.320613063151946,17.36703284909922,17.409204585204282,109.97353041419156,90.637307422263,93.38446486390825,76.35375463188977,76.43499991005655,83.11316488142127,85.84846859617303,110.49997974282822,30.416860929515888,5.447763414654351,4.038188838379057,3.8201471114041308,3.8260476882346013,4.013857903879312,-0.012286497763794313,0.001017317957649913,26.099823461735934,0.5913099033590898
Malaysia,MYS,CO2 Emissions Per Capita,22.151460403527544,21.949601554498184,22.621890535196417,23.121858621573487,24.51727275236372,25.20813601265661,25.03823221525125,26.660754106766554,27.374114597891804,25.13176597291497,26.514583677972325,18.55860771227983,18.40929410676498,20.214364316121216,21.835205495121144,21.085029511600904,26.419150091710385,25.116340132254994,26.520269760051082,26.620284726536568,25.802740834614024,26.263100360566078,-0.024107652025747425,18.541184068101643,70.2086902143513,0.10870282770233608
Malaysia,MYS,Renewable vs Non-Renewable Energy Generation,0.13205271702131374,0.10426521220117489,0.08708707035738703,0.07854337817223686,0.07166570373562883,0.07508309191915749,0.07542150221860196,0.06966741689750693,0.08683260499517206,0.07752630912984232,0.06865602035550969,0.07402592879586502,0.08802475858151423,0.10235979992040514,0.11244255980694713,0.12913569992075105,0.15602612612226044,0.21127578534439764,0.20290307416289166,0.1972310341495587,0.21718347114829553,0.21718134985652807,-0.024107652025747425,18.541184068101643,70.2086902143513,0.10870282770233608
Namibia,NAM,CO2 Emissions Per Capita,9.641028333702554,10.40939156012545,9.623701390767927,9.753079000221883,9.865690840391338,10.099885539250025,9.84266946749101,9.82445133612264,10.323630967961572,10.358505839445355,10.388623479293525,10.441378958796442,10.478482545548497,10.663452364924632,10.71896368927165,10.820839694940737,10.77370637294736,10.485313535351997,10.329664932576238,10.166649914740354,9.492466139541312,9.40515072657719,0.0032439232164260074,-0.0007539645688157553,3.724484590298542,0.09583016089247842
Namibia,NAM,Renewable vs Non-Renewable Energy Generation,237.328,527.4556,486.2633333333333,260.2549090909091,232.9906153846154,36.49491954022989,26.62728695652174,14.884949494949494,8.811185770750987,9.885167368210062,18.198036425725668,25.59226405884432,19.37237273076872,22.346521276088442,11.793603144269676,9.55658824983252,9.062487075408713,10.706372105708914,9.959858554938137,9.940900975812566,10.611585392825322,9.785572215983736,0.0032439232164260074,-0.0007539645688157553,3.724484590298542,0.09583016089247842
New Caledonia,NCL,CO2 Emissions Per Capita,34.57297519579797,34.56529497892548,37.25938913269222,40.005347516156526,35.43802921534426,39.2575330337998,37.82340771707317,37.88523283761756,38.032779097425355,38.702354384224435,48.32894926886886,47.37113790564183,47.596367228571424,51.009575927176186,61.20712327252379,58.281633868477684,62.160906068018654,60.230674426350575,76.48322270789542,77.25915454578973,61.19552546628302,63.49124037131551,1.582452588210131,-50.42607041213251,-3120.6535789056356,0.8752821064445453
New Caledonia,NCL,Renewable vs Non-Renewable Energy Generation,0.37537041510733576,0.27604333483391513,0.2315917524292657,0.22955650209474254,0.25170746045517856,0.23415591478877396,0.2038866530006435,0.28543620149536497,0.3586459636662053,0.2911544729200892,0.17651029306253105,0.23214685214711406,0.2514097510401821,0.2579739752588689,0.1321260492700044,0.16400377258922008,0.10169957462236076,0.1554287959981617,0.13310482022877315,0.15928895788428943,0.18488922281881656,0.2899428901241097,1.582452588210131,-50.42607041213251,-3120.6535789056356,0.8752821064445453
Niger,NER,CO2 Emissions Per Capita,0.693582358004812,0.3025265857009516,0.29909051229970623,0.30576182288061426,0.30374244567825637,0.2855020725400194,0.27664547703166437,0.2854133715598193,0.28381249982611007,0.32478954546148925,0.3758906540742979,0.36371274924330743,0.45780217993275957,0.43755363994133123,0.4527697977092108,0.43441277821022967,0.41168161209130627,0.36578617993017,0.36591526322871654,0.3890449259627222,0.3794731971654548,0.3902572503273113,0.003970206782591379,-0.554503497341799,-7.594794205309157,0.03163403636287199
Niger,NER,Renewable vs Non-Renewable Energy Generation,0.0038834951456310682,0.005555555555555556,0.005223023085762039,0.005670103092783506,0.006341463414634147,0.007048458149779736,0.008333333333333333,0.00810591731964334,0.03278688524590164,0.028901734104046242,0.01146290233944351,0.015142993120754554,0.014280316012408496,0.01631655712685327,0.017860820467771245,0.01910469372159434,0.021669762740910693,0.024802584831543528,0.08817340469895975,0.08817340469895975,0.08817340469895975,0.08817340469895975,0.003970206782591379,-0.554503497341799,-7.594794205309157,0.03163403636287199
Nigeria,NGA,CO2 Emissions Per Capita,2.52631301158311,2.6306826066506486,2.4270467189661087,2.5582956866274156,2.4399533829852524,2.3573247334226104,2.090766078526949,1.886407898428654,1.9750746466329934,1.7239669267222424,1.9533637926877876,2.0842177325371187,2.0369537508987454,2.243880218260209,2.3300187840644635,2.1431621104798677,2.1842574482435393,2.111555557978806,2.1523402964004457,2.1982630207649323,1.9986247674327817,2.066856766159786,-0.013718134407552084,0.2112851014572455,29.67685403656023,0.2629670507407438
Nigeria,NGA,Renewable vs Non-Renewable Energy Generation,0.7093306956808442,0.6496740291008061,0.48105296371422135,0.6097335113065327,0.5009884332281809,0.8295473337137785,0.6294043449872381,0.4649707480150439,0.48448404704659176,0.4887200288562435,0.36500992555831263,0.24794964777079098,0.23101922159066252,0.26081432270662647,0.24640105414470534,0.25129411078263575,0.3993467411260367,0.32583152302714485,0.29800742826196336,0.33933485832112376,0.2915171948368609,0.33939562532807716,-0.013718134407552084,0.2112851014572455,29.67685403656023,0.2629670507407438
Nicaragua,NIC,CO2 Emissions Per Capita,6.243509325967136,7.073236930081936,7.071712111376181,7.197165698614821,7.169632051439386,6.958107598285362,6.997891852904194,6.993968535269043,6.787619224423603,6.63072674533964,6.601656642190372,4.504626252555088,4.428981829192319,4.261090964785807,4.3603449184657075,4.595341457575162,5.929378666616582,5.8846889067132135,5.571753598358428,5.5633021910213865,5.258510664094098,5.490558979000196,-0.14788140609594025,0.4895879374101084,302.8791157513407,0.4563136088014499
Nicaragua,NIC,Renewable vs Non-Renewable Energy Generation,0.22447102115915363,0.22298303508259823,0.3264344189672892,0.371257692383798,0.38376378519725624,0.5292493208905105,0.42895205476332526,0.4083354910057972,0.5513055438881529,0.4474826716284059,0.5869189034465708,0.514943730763289,0.7500755665312132,1.101168113231662,1.1876017594216244,1.0022606898051492,1.1014253578397406,1.2718743292928767,1.4327642841103143,1.3199450809142543,2.321627792584737,2.2569030627186835,-0.14788140609594025,0.4895879374101084,302.8791157513407,0.4563136088014499
Netherlands,NLD,CO2 Emissions Per Capita,34.33646787786366,35.09148842297668,34.737454050668,35.27431114058769,35.50103622005924,34.696228240203894,33.81578789455663,33.61896279963931,34.05796701164866,32.830812426060405,34.83310247111805,32.328466809228786,31.510191416668082,31.162693803337117,29.591424950939835,30.60338147676351,30.599654538724312,29.934761848957606,29.057745935496268,27.880465061723708,24.776456263222766,25.217214777821802,-0.2511433479181431,-14.0274798519755,538.7442803916051,0.9168562653906049
Netherlands,NLD,Renewable vs Non-Renewable Energy Generation,0.03428391069794849,0.036544386689819665,0.043207726000249726,0.042666696964550506,0.0553321677173275,0.08052864407352237,0.08867333137516603,0.07770656738343998,0.09723178548819394,0.10534315747812373,0.10360322085294225,0.12121271569899798,0.13752364861622518,0.1352238586501909,0.12700597971670727,0.14185321445529966,0.1472255209379575,0.17477402449989587,0.19824581644532482,0.23129026145498585,0.36157481958161286,0.49560743613841196,-0.2511433479181431,-14.0274798519755,538.7442803916051,0.9168562653906049
Norway,NOR,CO2 Emissions Per Capita,23.14827021017968,23.728210785885175,23.06060495698807,23.635111465753027,23.787415260969826,23.76179851798211,23.743463445975777,24.346886724215583,23.259555330383797,21.718028467964437,23.563898169699584,22.432504865247708,22.62624972756201,22.401300091758774,23.22395421950965,24.1309536257034,23.39135669294544,22.918067882920642,22.74611254131277,21.367750460928935,19.50227814480038,19.976328626449618,-0.17954052073982973,-0.014473631479993714,384.7139893497418,0.495171974041267
Norway,NOR,Renewable vs Non-Renewable Energy Generation,162.04143671607753,105.45881222707423,128.67295634920634,85.1680562248996,89.3046775510204,91.689879113499,101.26166526492851,59.761346324180685,78.8547117977528,23.930144343549,20.828954625706217,21.622836998935796,35.327675276752764,35.664449001914136,34.232057867440886,31.296570598748886,37.35971770458055,36.37067258185454,35.49257889734053,34.27648461730019,48.187987803216615,83.69939421691089,-0.17954052073982973,-0.014473631479993714,384.7139893497418,0.495171974041267
Nepal,NPL,CO2 Emissions Per Capita,0.3598132708727785,0.26606558945116,0.18372329224909123,0.22158285339027806,0.17938216141269217,0.21909792559361554,0.15465816181178382,0.16323764288338694,0.21124927638085078,0.31790020146934134,0.40195551884027897,0.7167303344677087,0.803364012417687,0.8123844960594823,0.9310043515963414,0.9061048597580796,1.305338854706329,1.5608685304618395,1.7476641576552217,1.54816700094227,1.6881194443610597,1.7238849506154303,0.07249927546331622,2.4101781032044167e-06,-145.0638517018641,0.8643089975674214
Nepal,NPL,Renewable vs Non-Renewable Energy Generation,35.10676467454991,82.80906002265006,195.32013078000935,315.0428770949721,203.78056638968965,172.76257977830033,186.63311798707923,256.81877224199286,320.127591881514,260.71282283642955,376.7785496648385,1407.8661290322582,358.7804017638412,254.93550877192985,687.8813590449954,5634.560606060606,22024.277777777777,22529.3268292683,40168.13008130081,65042.78409090911,112151.70175438595,188536.83720930235,0.07249927546331622,2.4101781032044167e-06,-145.0638517018641,0.8643089975674214
New Zealand,NZL,CO2 Emissions Per Capita,19.566252644840187,20.896563953356534,21.073644396859557,21.749903007300354,21.158633969418954,22.447331481409808,22.686537280982655,22.133785634736498,20.95738316399831,18.94599511434946,18.60256819385386,18.02351714575729,19.69519385109231,19.235356219805958,19.007079697774827,18.90569569119625,17.63947671877984,18.790273985790265,18.649303164714524,19.011735701116645,16.986106138069232,17.554486814180063,-0.07561946093959719,-0.7750890931672884,174.17218474292062,0.6601787683109007
New Zealand,NZL,Renewable vs Non-Renewable Energy Generation,2.5613019891500906,1.7712869905080961,2.3087733549959384,1.9640861931364724,2.6412395709177594,1.8273911327456913,1.8571991074944219,1.9206866724332956,1.8179485534671884,2.561661759895322,2.7591478696741856,3.2228214589838204,2.5975010076582024,2.9516114471427284,3.880186376747282,4.1180714612918,5.478509608332111,4.4097188560349005,5.117437722419929,4.562153504989528,4.109925415949513,4.388090349075975,-0.07561946093959719,-0.7750890931672884,174.17218474292062,0.6601787683109007
Oman,OMN,CO2 Emissions Per Capita,31.38409373263039,34.80460399056199,36.69006454534524,38.042982112189506,37.14172766039319,37.665573651633764,47.614859691820314,51.51780900525771,50.07449222678899,51.92409467599518,53.26767927287212,55.41365929956625,56.55118977089751,54.9125542665353,55.403268996302806,56.148514500774844,54.705001422442116,53.26461037893336,54.63077598264958,55.0799522228798,52.420090619159794,57.49456671461892,1.2334762857009829,-365.2373167478008,-2430.5337107071105,0.7584968474171426
Oman,OMN,Renewable vs Non-Renewable Energy Generation,0.0,0.0,0.0,0.0,0.0,0.0,0.0,0.0,0.0,0.0,0.0,0.0,0.0,5.053719590976481e-05,4.552320790991486e-05,0.00012744978325905122,0.0001227044098724997,0.0004308808060676521,0.0012960598745722677,0.0015984784566270922,0.004332561618447751,0.019363743478178926,1.2334762857009829,-365.2373167478008,-2430.5337107071105,0.7584968474171426
Pakistan,PAK,CO2 Emissions Per Capita,2.2283609131724393,2.193090872494368,2.162353265131599,2.183944501981942,2.377365243533761,2.3531535379874824,2.4865360817856876,2.7028394112798027,2.555988705341156,2.547245493719857,2.4124484894147322,2.385948238714614,2.369013445020765,2.354874013713088,2.453229932315343,2.58375814660482,2.825634740431137,3.0487094325527044,2.8163613889114183,2.717594244461813,2.64202767640932,2.9011837264565736,0.029684600019195952,-0.8857739398607469,-56.76932260441242,0.6498296411167265
Pakistan,PAK,Renewable vs Non-Renewable Energy Generation,0.3970009192678542,0.3709295514105133,0.4163732192919934,0.49507115206677116,0.49860525,0.4876080311309819,0.5097300237481287,0.4719090150872019,0.445422226503453,0.43110251414113504,0.4517626987648313,0.45695020615742676,0.44969699965112225,0.47765637714028486,0.4747546464451051,0.48094668165774945,0.4632756387066495,0.38898910244472557,0.3706847378726125,0.44563805915321475,0.4729463514305421,0.4244572821599176,0.029684600019195952,-0.8857739398607469,-56.76932260441242,0.6498296411167265
Panama,PAN,CO2 Emissions Per Capita,7.798396695440062,8.082091893431741,7.211721768733638,7.175548500318077,7.0848267147368835,8.471203660279238,8.699116028953506,8.472298192337483,8.139435853992646,9.279654188427472,9.588604643371529,10.084364284564042,10.22850020693171,9.887849513130252,10.190478410910531,10.030014970563032,9.978007594497827,9.465663460742668,9.166250384190162,11.367777682011617,8.471593117169446,9.348309538807893,0.1787574059382403,-0.7434830998202011,-348.9334375695359,0.7641496377777994
Panama,PAN,Renewable vs Non-Renewable Energy Generation,2.4749022208664484,1.0299791226007273,1.8861721828117457,1.0958653744175944,2.0139732059965607,1.8675461989816657,1.5701815036741484,1.4310720069163394,1.715680615029374,1.3662541851015892,1.3919625024547304,1.165818348480553,1.7583325730120107,1.445110368830069,1.3201286330304285,1.9539616999213745,2.0647893595228384,2.7041287835127408,3.735818310507982,1.1621355986131119,3.229547269002501,4.470994297534522,0.1787574059382403,-0.7434830998202011,-348.9334375695359,0.7641496377777994
Peru,PER,CO2 Emissions Per Capita,5.756227876489915,5.6136576386764805,5.671107791277566,5.5645860913783025,6.002580247746543,5.9250524752900535,5.854895829080207,6.129302037346558,6.64104108385057,6.929846024137204,7.334750533124465,8.453942076153037,8.354497596521417,8.43038720782838,8.630929919633854,8.731718287197358,8.969071785303843,8.619365302973033,8.505017999720778,8.611600614272213,7.3956198781939735,8.147433014861337,0.10658422529891365,-0.3823052456998232,-206.13850641500736,0.8196832933393016
Peru,PER,Renewable vs Non-Renewable Energy Generation,4.544364632693167,5.577049716803021,4.609354206673212,4.253642483511485,2.6234842636579567,3.3955636567582723,3.5768517915309443,1.9777344439983944,1.4892695490757215,1.550190336749634,1.3371927639383154,1.3183738867454653,1.3029179826207453,1.1482703068634574,1.0360815216176151,1.0715650045457847,1.0006544371213781,1.3988343283471756,1.5569997066282353,1.5326028966516914,1.8072160137338997,1.6088563135335094,0.10658422529891365,-0.3823052456998232,-206.13850641500736,0.8196832933393016
Philippines,PHL,CO2 Emissions Per Capita,3.123762421046975,2.987748245543551,2.952841407144185,2.9616379264673576,2.956204744789708,2.962478592009738,2.6495505421815144,2.7783015142788607,2.7513891035829596,2.737338333034722,2.8725551545542056,2.8173452075404612,2.904507247441676,3.1146739665685614,3.2606290048514186,3.5041013186906715,3.7228440601619077,4.043725422394681,4.139551729826045,4.26300130182962,3.805981867900125,4.00534402489603,0.08297764482998027,1.2377473454194392,-164.0912125463086,0.619492889703583
Philippines,PHL,Renewable vs Non-Renewable Energy Generation,0.7207102119548295,0.5702056686482916,0.5306684296264358,0.4817013778848088,0.4727663839548784,0.44820027584432326,0.5280644378264943,0.4360752770030882,0.5067779557530365,0.4660246299491389,0.34504594233225433,0.3966089921587841,0.3893440966497698,0.3489049013794345,0.3304988806766737,0.32678491779190055,0.30722382761119704,0.31394767600389895,0.29434968352385904,0.2535393756324798,0.2602210565291192,0.2709258361661159,0.08297764482998027,1.2377473454194392,-164.0912125463086,0.619492889703583
Palau,PLW,CO2 Emissions Per Capita,362.27824323228225,398.8510293019972,240.21615419878094,286.2716564386318,252.66011960616865,290.05659119560283,288.20918854171975,235.2685898998245,248.04432022824827,399.9279130989059,398.84909536138093,464.63758618421053,743.8096305026191,380.7760583543949,251.4016630703529,236.95782494099132,226.56933385720706,236.5818744744071,243.00523729287954,249.74719585845045,250.10032545070106,259.5981624500666,13.401078017520566,-6927.194994416205,-26527.907331893945,0.15253562606144588
Palau,PLW,Renewable vs Non-Renewable Energy Generation,4.957317496356371e-05,4.837882555563081e-05,4.8715375546830094e-05,4.8045047036101046e-05,4.643732818188573e-05,0.0003840623074106162,0.000423616105293231,0.0004058518168947616,0.0038955819154308327,0.004270317901443774,0.004238482384823848,0.008589175194728713,0.011775863431597249,0.01274536096956694,0.018724371325527397,0.0187088891905567,0.033655053639984216,0.03480476431955078,0.03718916518650089,0.036348188289417785,0.04084593784903809,0.048221352397588936,13.401078017520566,-6927.194994416205,-26527.907331893945,0.15253562606144588
Papua New Guinea,PNG,CO2 Emissions Per Capita,6.6699637372494625,6.748692057842,6.8061581832523395,6.811524137987648,6.760680388059047,6.655621215581049,6.42785511351228,6.142903829699066,5.774031139307042,5.708465801771735,5.226530331839737,6.109386937166414,5.832321042740059,5.761748143227919,5.885897384770809,5.999212992045541,6.174712473602873,6.021819906007771,5.945766651513573,5.996633618011072,4.92548574224279,4.9163799332565254,-0.08259122347343278,-1.5765852337739972,173.1715993352947,0.6675224313530026
Papua New Guinea,PNG,Renewable vs Non-Renewable Energy Generation,0.7102316762423893,0.7055330452007924,0.7051075864503795,0.7419121380040399,0.7389660564236367,0.7863537668339542,0.7767827353942959,0.8783557716402386,0.956496316790834,0.7164580627479326,0.7215005640425509,0.589959283742912,0.5859275877502857,0.565073319316766,0.5395317173298674,0.5504504941653081,0.5327679920820053,0.5016690434269963,0.47661256171019567,0.7205963441085436,0.6643385839729212,0.6655213298389803,-0.08259122347343278,-1.5765852337739972,173.1715993352947,0.6675224313530026
Poland,POL,CO2 Emissions Per Capita,24.035514941191437,24.009541526297955,23.222531856170665,24.20076511317887,24.406343715774316,24.42714012463368,25.746092349134592,25.966397120005592,25.556732426179366,24.596654786877497,26.165108131200878,25.895694479281925,25.26373032449431,24.818842795578657,24.042577091074637,24.467423641485276,25.300322020594795,26.523268075092687,26.509930495368636,25.605920470980543,24.34110894607704,26.82079398319194,0.4307585730682599,-33.29679390748375,-837.8368252353862,0.6246406125970805
Poland,POL,Renewable vs Non-Renewable Energy Generation,0.015267575388563721,0.018222533606594947,0.01829433583031954,0.014126865531075965,0.021245548113005802,0.025136938522662373,0.02729669880731793,0.03557452885013148,0.0447776223047095,0.06112805789109122,0.07565654256458186,0.08837980011132811,0.11717368768968467,0.11628906858739728,0.14315970996536967,0.1603348068831854,0.15874428084336678,0.1650595008404454,0.14587260472949493,0.1840215470376963,0.21769477593389958,0.20529541263000253,0.4307585730682599,-33.29679390748375,-837.8368252353862,0.6246406125970805
Puerto Rico,PRI,CO2 Emissions Per Capita,19.3866204353377,18.94285619101837,15.374458814117528,20.011427632612367,20.180787544311574,20.129202851758098,12.838167415288604,13.69132579873883,11.813120712623103,10.787451500236605,10.346024238181931,9.578085949452149,9.375338052567514,9.540715606428698,9.956827020991415,10.35578886956011,9.216230059131023,9.902054055500791,12.417551612818372,11.181692360946291,10.90382060985075,11.48653386604256,-0.966973745318434,256.3749109477406,1953.0959725931395,0.7677485750804074
Puerto Rico,PRI,Renewable vs Non-Renewable Energy Generation,0.005508481861735128,0.005387174817408986,0.004986860706139476,0.005017297144606614,0.004975987210945448,0.0056560097006669975,0.0048133592277809145,0.004874246114411998,0.005174515460478443,0.005225458272135129,0.004124021600673081,0.007241360595905187,0.006477635350749094,0.016303384833117114,0.01990767018031584,0.02533813152970529,0.027736771174266543,0.03472887594598142,0.027204176805719297,0.0387036946601336,0.041811842313636195,0.04798078968380795,-0.966973745318434,256.3749109477406,1953.0959725931395,0.7677485750804074
"Korea, Dem. People's Rep.",PRK,CO2 Emissions Per Capita,9.646965055979015,9.728794347837292,9.266842487889734,9.40013189091094,9.529724309979612,9.862272719592925,9.967430669579555,8.291607253807259,9.077760938094569,6.894627282198177,6.409575606603383,4.703540890862168,4.803729476485841,3.468989798062292,3.8756085919873624,3.127811092478961,3.492062084606179,6.679834227982944,6.160511290538173,6.775756837089296,6.361483106560067,6.535456110061066,-0.2639039813466258,-1.9998289835714955,540.2194531519272,0.5509655356930538
"Korea, Dem. People's Rep.",PRK,Renewable vs Non-Renewable Energy Generation,1.108695652173913,1.1041703125,1.2642915476190477,1.4835863291139242,1.5432632098765433,1.5633892857142857,1.2748018181818181,1.2893778640776699,1.2341216666666668,1.136470181818182,1.3011239805825243,1.671206329113924,1.6879136250000002,1.671984024390244,1.5888455813953488,1.1144171111111112,1.1568494594594596,1.0298203448275862,1.061965785123967,0.86366765625,1.1477630357142856,1.7199836170212766,-0.2639039813466258,-1.9998289835714955,540.2194531519272,0.5509655356930538
Portugal,PRT,CO2 Emissions Per Capita,19.990729890228263,19.223815694563648,20.45417368705283,20.0413407013085,19.957691542934413,21.224415075599833,19.432510311730685,18.451061839346124,17.216699437317633,16.447595945098556,15.538756292478086,15.498993289358527,15.101114221951374,14.652093913770242,14.22472647370048,15.661918621662942,15.732301416247928,19.01880261351611,15.754023178833705,14.5443326140893,12.546522787768692,11.945317692693504,-0.13304353032325075,-4.310733401038241,287.8539318626621,0.8604543104121067
Portugal,PRT,Renewable vs Non-Renewable Energy Generation,0.41649404453650957,0.5116029641185648,0.2675812393467862,0.6073278671652543,0.3755468878655729,0.21557711079211797,0.4718830997328851,0.5225606895440632,0.4673052470317886,0.5731033650833438,1.101639390760384,0.8506833639057428,0.7110411466744972,1.3274962389081573,1.4857842952640996,0.868935146891044,1.1532102220001428,0.6124301442940752,0.9724827850376095,1.064346717173365,1.3099010572728675,1.6226568740953353,-0.13304353032325075,-4.310733401038241,287.8539318626621,0.8604543104121067
Paraguay,PRY,CO2 Emissions Per Capita,10.811146115290178,13.481402400518386,13.42333413199478,13.3645723898399,13.23469595925207,12.860877991841338,12.93377333267084,12.666124134704912,12.983401932243407,12.959979691977694,13.167335943146126,15.173822467003847,14.888013229400663,14.851184499701283,14.837259412801865,15.050613992505605,11.840249779027435,12.229768593153166,12.26603845435154,11.954780027675234,11.485715311402021,12.485901534040623,-0.07578586049400321,-1.6468991522502705e-05,166.47172572424978,0.06578442040063714
Paraguay,PRY,Renewable vs Non-Renewable Energy Generation,65221.21951219513,94392.83333333333,94517.29411764706,123243.40476190478,103960.3,78705.36615384616,70756.81184210526,85263.61428571428,85318.35076923076,74244.3081081081,65934.89024390244,64028.813333333324,19620.00390879479,19027.042452830185,9344.932377740304,40794.92554744525,51151.8016,39618.79801324503,38286.52903225806,24306.945098039214,27721.06896551724,20526.543216080405,-0.07578586049400321,-1.6468991522502705e-05,166.47172572424978,0.06578442040063714
French Polynesia,PYF,CO2 Emissions Per Capita,10.302065612708079,11.860280063830869,12.066320560167014,12.51668310958951,11.56999564514921,12.279257179222313,11.420244677174692,11.43413626670693,11.84484903014706,11.838505163966659,12.44751833727994,12.147408686659771,11.65139087736929,12.14871911870903,11.84295024303747,12.188473365845637,12.057366562422283,12.026769997969199,12.31876415260445,12.859082334669038,10.26324168090885,10.59590111172508,0.0001761051665137337,-0.004676094123985452,11.45126467511877,2.2202334415410974e-06
French Polynesia,PYF,Renewable vs Non-Renewable Energy Generation,0.3825547661719767,0.37693211957524947,0.2563596994988812,0.25374313682076616,0.3213461841021796,0.2915174522253151,0.3214428635389303,0.3422812825522721,0.30348764717072463,0.2859288308965716,0.4392382892057026,0.3787151639344262,0.3461093439363817,0.34571544715447156,0.4108477801268499,0.4233829787234043,0.4606836518046709,0.44739662447257383,0.414797131147541,0.40618767734089994,0.4369487510766581,0.3111722920432096,0.0001761051665137337,-0.004676094123985452,11.45126467511877,2.2202334415410974e-06
Qatar,QAT,CO2 Emissions Per Capita,135.02564426561725,132.5707633696752,142.88613040917795,144.01606035068968,150.40450372970776,147.40500042888618,140.18930624889168,130.81305100280628,121.25071704943029,111.30211826620811,118.61183866918314,127.24902205445046,127.76410102274275,127.5481422863462,126.58028221263372,120.54595760409812,114.29331556093138,110.5402257246691,107.40456092856121,107.7992555023003,108.61516293017097,117.01905955654918,-1.9281916836641206,1311.2898785304267,4000.980433154333,0.6673771780789008
Qatar,QAT,Renewable vs Non-Renewable Energy Generation,0.0,0.0,0.0,0.0,0.0,0.0,0.0,0.0,0.0,0.0,0.0,0.00034597133379447664,0.0003056250440225072,0.0023091725649657157,0.002792125772274614,0.0030236695653281273,0.0030907540025664993,0.0030056292205062414,0.002973909624399808,0.0025192549299393923,0.002890103428418395,0.00275714012997836,-1.9281916836641206,1311.2898785304267,4000.980433154333,0.6673771780789008
Romania,ROU,CO2 Emissions Per Capita,10.772368736697116,11.727310190416851,12.016439953050314,12.683030206969162,12.62713525494519,12.39792448659537,12.852821678550672,13.729478938879518,13.935521772822161,11.631941123124319,10.949662975281463,11.980966240424136,11.770757301500373,10.102247608737786,9.547444677298621,9.480236590575839,9.271861160139593,9.93507178158445,10.218559324472617,9.769579952722658,9.236178666303319,9.92052910003049,-0.016543736094983212,-7.181751238684863,48.15450976948155,0.715848358910458
Romania,ROU,Renewable vs Non-Renewable Energy Generation,0.4017726061660595,0.3864260189548915,0.4182803826005369,0.3189590899252026,0.41311222550147564,0.5156397959183673,0.41409881137650273,0.35042341632179375,0.360863487806922,0.36629214001802474,0.49903436895282194,0.3554197227611196,0.3383180790360891,0.5201168439284021,0.7037013103732253,0.6534843104072491,0.7072189422661886,0.6068373588475918,0.6771796160279895,0.7041117263923249,0.7854441122455313,0.7952407103120437,-0.016543736094983212,-7.181751238684863,48.15450976948155,0.715848358910458
Russian Federation,RUS,CO2 Emissions Per Capita,26.727354722528208,27.273906695066138,26.97705864534055,27.68224703850264,28.03048063907847,28.516648909292137,29.8122272742223,29.72611872068531,30.253575480786125,27.488044985560812,29.15063880601921,30.579162426787324,30.68398126070007,29.755220867143095,29.483939066122318,30.04858256383361,29.569819724941926,30.18316992407006,31.226069552034268,31.182715924512436,29.6087728833478,31.461851053845795,0.18196152161331447,-13.605965477865318,-333.728302467912,0.7052327932683923
Russian Federation,RUS,Renewable vs Non-Renewable Energy Generation,0.21695055310470887,0.2293161973708408,0.21010897242670384,0.1957918127253074,0.22236529965077295,0.21172488917530372,0.20210468477607046,0.20279233259600682,0.18051040771238475,0.20354011980125122,0.18313694476123146,0.17908283246477827,0.17482677479800549,0.19597509407391456,0.18440395411032387,0.17522855019262537,0.19119251466309986,0.19078075789180782,0.20983058487592865,0.21404234173081385,0.24861389522494268,0.2533511848099823,0.18196152161331447,-13.605965477865318,-333.728302467912,0.7052327932683923
Rwanda,RWA,CO2 Emissions Per Capita,0.5907047613751387,0.5603047355276504,0.6004984273150074,0.540598366104917,0.5179792464682927,0.5263558531575345,0.5129832895472374,0.4758842073352061,0.46298070700499167,0.4574703671551735,0.4554087430719725,0.37644590983472337,0.3925521051288641,0.4153145568782175,0.4127987987985347,0.447836416670367,0.4451049610762777,0.456282988231152,0.47674341595402664,0.4827770992007184,0.45311492297260647,0.47662944997016765,-0.004414499483654731,-0.02943084425148427,9.382132037627793,0.5023126634773486
Rwanda,RWA,Renewable vs Non-Renewable Energy Generation,0,0,0,0,0,0.7723839351510686,2.561977535263253,1.0153151687677917,1.2999369157538567,1.0978947792134606,1.1509444019971928,1.1573543676928575,1.3003200333289147,0.940834478488697,1.1456197279371445,1.5410759340687539,0.9569818143168977,0.9188420394590953,0.9314260059319941,1.084142674116129,1.5383366580689737,1.395015500406549,-0.004414499483654731,-0.02943084425148427,9.382132037627793,0.5023126634773486
Saudi Arabia,SAU,CO2 Emissions Per Capita,38.28375927924449,38.55206435038345,40.140912285214235,41.055979378983416,42.561104294354855,43.62772878901748,44.51693271131278,45.40680536228165,47.461751057654865,48.02731680990424,50.87580957841971,52.00804675608012,54.10428939634853,53.78347301373609,56.475327367824576,58.01267078485374,56.61572662316888,54.67718048957332,51.19980346833452,50.08269927615658,48.57933564711187,50.38330843907811,1.4214941857868828,-22595.128579051383,-2805.8835255990434,0.9427127464754671
Saudi Arabia,SAU,Renewable vs Non-Renewable Energy Generation,4.826017703322741e-06,4.555893860390655e-06,4.296720663769261e-06,3.980392156862745e-06,3.809225957779515e-06,3.4577911017237854e-06,3.3565924799100498e-06,3.196263153751279e-06,2.9823702252693437e-06,2.8053915110419104e-06,1.7032745025347092e-05,2.156135910139677e-05,8.860846994252218e-05,0.00014016393983592816,0.00013611470410233894,0.0001273640817799492,0.000124358637288889,0.00018413002081491117,0.0005623466844818431,0.0006891850571419995,0.0006769542804706713,0.0006575952807957345,1.4214941857868828,-22595.128579051383,-2805.8835255990434,0.9427127464754671
Sudan,SDN,CO2 Emissions Per Capita,1.59187995337273,1.6530725055351652,1.791314868548125,1.7676704464301773,1.8299872530266326,1.9790305884004908,2.1979893370144326,2.2555363249199782,2.329721268772002,2.3077527591757416,2.349461094513732,2.2262417715835596,2.3047332644345566,2.2627715271976894,2.282552932803596,2.4630489617585285,2.5748241106921625,2.479966054772896,2.4314390824089656,2.3722207378671207,2.180103722650558,2.269990992264484,0.03366823525955962,0.011754886724283483,-65.53206776279384,0.6430081390099712
Sudan,SDN,Renewable vs Non-Renewable Energy Generation,1.0123409629044988,1.016666163141994,0.8739223602484473,0.590148334094021,0.528260593220339,0.5477169590643275,0.4793202158045065,0.4483731092436975,0.39889611674499137,1.0356730003064665,4.886679259830378,3.3158309859154933,2.334234866828087,3.697076419213974,3.67133455136013,1.8481406959152797,1.2840225776105363,1.6096548119229133,1.555110001634591,1.5896165207158444,2.059309041695632,1.5503555352798055,0.03366823525955962,0.011754886724283483,-65.53206776279384,0.6430081390099712
Senegal,SEN,CO2 Emissions Per Capita,1.8066920072541135,2.051686314094337,2.050958069630044,1.9808807883920503,2.119338726578793,2.1825031322509076,2.0939867666803957,2.231491524333248,2.2480951020594837,2.205161517451086,2.222026597508515,2.128679425639257,2.0376355105146806,2.090451557662255,2.1696661636951737,2.303560241752315,2.4386546713400454,2.2699755246030873,2.278464309807524,2.6091449124889596,2.2332472004950072,2.3260225430059864,0.021176289395481305,-0.38671856571776314,-40.37375616397251,0.553712976265222
Senegal,SEN,Renewable vs Non-Renewable Energy Generation,0.01200832724415094,0.011615970355254962,0.01339132466784352,0.014160094076054798,0.012499593191655547,0.010297748922250018,0.009594248748573762,0.009108475071636509,0.008085975991573265,0.008053557304103674,0.01901769229502088,0.021296081232088284,0.019763174949592316,0.019624196009629745,0.020614821658243212,0.023850951600632674,0.02388316754546108,0.0494408852384904,0.08904341431991929,0.09749238373275776,0.1435279725139657,0.26221115382010873,0.021176289395481305,-0.38671856571776314,-40.37375616397251,0.553712976265222
Singapore,SGP,CO2 Emissions Per Capita,34.2744217228537,33.54865948648772,32.73607140818258,31.116122355355976,32.104059519078085,29.4547948005538,28.765285168805583,28.53223815504472,26.924938060245545,26.660169856160504,28.934441243303763,29.82754000260047,28.412508839728357,28.82094567082818,29.03091396969939,29.43879560043519,28.237675506301365,29.88997800669357,28.42882026507641,28.654003928592786,27.74346472646715,29.557271383714795,-0.3065786819370487,286.74641984704357,634.8823640419034,0.7581720811254796
Singapore,SGP,Renewable vs Non-Renewable Energy Generation,0.04172582681902091,0.040034490349081506,0.03825332247567577,0.0376096155733021,0.036104674670794486,0.034825145077303124,0.03374465747341619,0.03243203077354512,0.03203499429105092,0.028528123988893355,0.03467005556562799,0.034883676462648686,0.034904808095059636,0.04004411570237184,0.04208390670461566,0.04371000677205351,0.04820146136090249,0.04485129300859071,0.0431361167249963,0.04384766432708964,0.042814138272803094,0.04235617016784545,-0.3065786819370487,286.74641984704357,634.8823640419034,0.7581720811254796
Solomon Islands,SLB,CO2 Emissions Per Capita,11.16038942457521,5.976644401049057,5.889251244564735,5.812664866353292,5.731160314952785,5.71624201232782,5.603029805909654,5.524300956365099,5.478270193662415,5.446692226594396,5.517669004356081,-29.75326105784321,-29.02910472445369,-28.231037183724986,-27.65054728868801,-27.168956820014362,74.10627872277114,72.3819073617615,70.75734029415288,69.17223670415842,67.1884861223598,65.66476944088515,4.931693047561261,-571.7527742833595,-9873.412607725399,0.28244639461807763
Solomon Islands,SLB,Renewable vs Non-Renewable Energy Generation,0.013870967741935483,0.014358523725834797,0.016403669724770642,0.016403669724770642,0.01592775041050903,0.014285714285714284,0.021544011544011542,0.03417654808959157,0.04015384615384615,0.04364438839848676,0.03275862068965517,0.051187776053479773,0.051,0.05575832305795315,0.06799528301886792,0.0740250614826092,0.08168934877966483,0.08473564216697427,0.06854686517089537,0.07121196598709148,0.06294365166483717,0.07016037247801345,4.931693047561261,-571.7527742833595,-9873.412607725399,0.28244639461807763
Sierra Leone,SLE,CO2 Emissions Per Capita,1.0499192493820444,1.0673622594797385,1.0231169825507729,1.0026808385942796,0.97040188356774,0.9177924931035197,0.9821206463452796,0.935866131305034,0.9016763856007197,0.8777493832911438,0.8826759378799502,0.9356248327948236,0.9671488499742289,1.0171570152389302,1.0350590843627392,0.9181408150328109,0.8984477024219524,0.8627474981976708,0.8434389700609862,0.8052160494793725,0.7919753205318941,0.8064356459324178,-0.010664740944079957,0.005661014785674352,22.36085934114673,0.596669968836408
Sierra Leone,SLE,Renewable vs Non-Renewable Energy Generation,0.5333333333333333,0.5,0.2,0.2,0.21255000000000002,0.3167666666666667,0.25415873015873014,0.2325082508250825,0.06486757337151038,0.5398060344827587,6.936325581395349,6.75,2.8285714285714283,1.630876923076923,4.730928154537472,2.9567542673777725,2.8833952880896168,3.0380875,3.0446999999999997,3.044875,3.044875,3.045575,-0.010664740944079957,0.005661014785674352,22.36085934114673,0.596669968836408
El Salvador,SLV,CO2 Emissions Per Capita,3.388764021608187,3.485410739308579,3.4743679013187716,3.7759918577684624,3.902623612515958,4.035139555571161,4.200784721886188,4.4243903739015575,4.0230446009532805,3.9226510114283113,3.8241648993119766,3.9541730996558937,3.867028703571606,3.7102938644040497,3.785580053614398,4.056781925115221,4.124037418066685,3.7397573224882046,3.9734896755148146,4.500543392370041,3.704051939928785,4.1748843084131275,0.02831880179829967,-0.06775596919127459,-52.883730783199546,0.234935702544679
El Salvador,SLV,Renewable vs Non-Renewable Energy Generation,1.3749209026199225,1.2555561278507452,1.1157344931306397,1.4129526125126999,1.2682971826822729,1.4655298097195504,1.4221446166026797,1.3241492993303658,1.7093793008655729,1.329311243294703,1.9109730848861282,1.741905524760432,1.539673720874631,1.5501773349777124,1.5108279299995855,1.4034334526678085,1.3845596666441078,2.9660917991877582,3.526568075641639,2.5101888099064547,5.5721722024974945,6.146321683879312,0.02831880179829967,-0.06775596919127459,-52.883730783199546,0.234935702544679
Somalia,SOM,CO2 Emissions Per Capita,2.243305012019884,2.1654399230785515,2.113482570903751,2.042209523825969,1.969793129437796,1.9080588521176252,1.8617078862311478,1.80976635154665,1.7516689482711467,1.7085295890371022,1.6727177488924805,1.6417834653928838,1.6109895081527608,1.5592071313057358,1.5042057872597487,1.4656593142963925,1.409620723568929,1.3503896070301968,1.3054308873854121,1.2649350691745977,1.224981427241771,1.2020853720714224,-0.05120355260096115,0.6824846215137036,104.60298574572244,0.994993530594268
Somalia,SOM,Renewable vs Non-Renewable Energy Generation,0.0,0.0,0.0,0.0,0.0,0.0,0.0,0.0,0.0,0.0,0.0,0.0,0.01133529411764706,0.011011428571428571,0.011457142857142857,0.014774285714285712,0.03483142857142857,0.0485,0.04927428571428571,0.04927428571428571,0.08958529411764705,0.12629117647058824,-0.05120355260096115,0.6824846215137036,104.60298574572244,0.994993530594268
Serbia,SRB,CO2 Emissions Per Capita,0.0,0.0,0.0,0.0,0.0,0.0,-4.802036437898643,-4.821546230149404,-4.842115571475257,-4.861571190170702,-4.881154329544963,-0.3928360532527963,-0.39474711827641246,-0.3966726045807085,-0.39853931856276414,-0.4005160679839271,-0.012254626524547901,-0.012320018436493088,-0.012387513311652786,-0.012450017889963408,-0.012533225223021003,0.0,0.06259864455422601,3.2456153468526843,-128.31275371675946,0.04621430302564844
Serbia,SRB,Renewable vs Non-Renewable Energy Generation,0.4334963632534021,0.42228829429904047,0.416616545859154,0.33740320322832895,0.3923916874740908,0.4552988667749919,0.39613781549857974,0.34941289510896184,0.3439765209262189,0.37956943404455273,0.45379770257020663,0.28972369133038967,0.3381296813163031,0.3452236983267586,0.47953604017815726,0.3593124352908868,0.3818474783406318,0.335162603141875,0.411742858533673,0.3883432635234624,0.36905040291249225,0.49502958022962384,0.06259864455422601,3.2456153468526843,-128.31275371675946,0.04621430302564844
Sub-Saharan Africa (excluding high income),SSA,CO2 Emissions Per Capita,3.841972262669802,3.923987511584636,3.8535566937402597,3.8923608469699107,3.931176912831898,3.8664336729768642,3.765283964900117,3.738243425523275,3.7826948754877363,3.577682439387594,3.614096579528547,3.7523296252883536,3.7436501063874372,3.7862576320829415,3.7867586496844834,3.624612222944914,3.6132087920159695,3.555998573203534,3.5222402854072157,3.4957383020934127,3.1926840277627724,3.1742079460909367,-0.0018854982834490433,-2.794818744754486,8.427153818963106,0.8522542213378947
Sub-Saharan Africa (excluding high income),SSA,Renewable vs Non-Renewable Energy Generation,0.2896843856029156,0.30127708647525536,0.28124134737968487,0.2760364531078796,0.25028585154790106,0.2979850689018068,0.30949667391291663,0.2937205143214903,0.30837157920910524,0.3189006290557508,0.3168587678898245,0.31766458418537574,0.32390157608919373,0.3339666895296332,0.3544458645114176,0.360819548951138,0.3625034027434052,0.38229311619697887,0.41599584376352255,0.4401696654300234,0.4662601245089147,0.499407001564534,-0.0018854982834490433,-2.794818744754486,8.427153818963106,0.8522542213378947
South Sudan,SSD,CO2 Emissions Per Capita,1.5498435770078698,1.5030035925010374,1.4369918918353002,1.3734865545529862,1.3120893536225602,1.2529728885057319,1.1953855140975478,1.1400860947064344,1.0872815720235796,1.0400453187466296,0.9880657208629768,0.9110406620098507,0.8717829028246608,0.8388286418433373,0.8281998654453057,0.8296044531238623,1.0547636860485239,1.0909274864316068,1.1155544571989977,1.0935733301581425,1.075664842926707,0.0,-0.03488396389499183,-4.155444968555705,71.20921315751838,0.5173418503614154
South Sudan,SSD,Renewable vs Non-Renewable Energy Generation,0,0,0,0,0,0,0,0,0,0,0,0,0.0005417607223476298,0.0005106382978723404,0.0004938271604938272,0.00041666666666666664,0.0014426966292134832,0.0012504638218923934,0.001906896551724138,0.0022948717948717947,0.0022906764168190126,0.0035045703839122486,-0.03488396389499183,-4.155444968555705,71.20921315751838,0.5173418503614154
Sao Tome and Principe,STP,CO2 Emissions Per Capita,1.4260875771254018,1.3952772845369144,1.5540521506863942,1.702407924818876,1.8986808206624102,1.9979496623082633,2.0893226941620155,2.099259389443316,2.206363888186478,2.312842882646187,2.463874402925254,3.538463782761067,3.5862020229144296,3.512649173965328,3.427112523228201,3.5079928849863764,3.475201410336604,3.4001779163221753,3.3381962203800444,3.590497882096374,3.560921913090408,3.6094514918850606,0.1275926258975894,0.034337582850266814,-253.9501276045509,0.8963987549484389
Sao Tome and Principe,STP,Renewable vs Non-Renewable Energy Generation,0.25980806142034546,0.18830997090716742,0.1971495683087862,3.40997582389617,5.037745018629516,8.75635593220339,10.365711252653929,5.428047182175622,5.612936880542514,5.737363999449111,10.945082480684903,10.200766411196268,11.03523332289383,11.012393887945672,0.1038961038961039,0.06989117291414752,0.05942825235070646,0.0518201243759642,0.058890451096347655,0.060516677247643695,0.062071256864776124,0.0644736022588079,0.1275926258975894,0.034337582850266814,-253.9501276045509,0.8963987549484389
Suriname,SUR,CO2 Emissions Per Capita,16.7457134267784,17.395518447087984,14.93163303313118,15.443785451983006,16.539526372382348,18.12821005579017,17.072517107483772,16.220563256469415,16.361068198929466,16.165149694344496,17.781996304570757,26.273609979969066,28.808120778841488,27.5399741376406,29.140713368159783,29.400954361179892,32.81073829011116,29.55650979731397,27.501688288151726,30.078478218427083,29.35573724395245,32.74263128461545,0.932603898347825,0.061259171080189655,-1852.1156779205007,0.7988994529295718
Suriname,SUR,Renewable vs Non-Renewable Energy Generation,5.975352318577861,5.527217251993592,1.7942004811278847,1.4241920134559916,1.1333952763825261,1.0526165218706636,1.7924215191197588,2.8038412146849976,3.389269158827835,3.049606384964839,1.479853657926793,2.6327326998120975,1.2173933019881373,1.16668382279298,0.5429315651926955,0.4055575571214317,0.7718986573001326,1.072718846573402,1.290199673381616,1.0622585002440996,0.6584588905952105,1.166894629817041,0.932603898347825,0.061259171080189655,-1852.1156779205007,0.7988994529295718
Slovak Republic,SVK,CO2 Emissions Per Capita,20.79956631853204,22.20278260942314,21.229555701488138,21.618003637193315,21.842936483950943,22.824330971501485,21.86824961074279,21.192342404730976,21.678190113534775,19.70277234022091,20.284460477075832,19.87378560732249,18.454855157548327,18.12594990904965,17.358575634812297,17.793448520880464,17.996207104554433,18.632556605050116,18.80029659884728,17.569918977798,15.5844157134857,17.694851202267852,-0.12750654289760507,-17.395856393923726,280.17930891568477,0.8283441645802566
Slovak Republic,SVK,Renewable vs Non-Renewable Energy Generation,0.1738688166371548,0.1884294455776006,0.20068871033435776,0.12976048121172593,0.15604553534283877,0.17461443668546248,0.18046214540672553,0.21338984516910303,0.18702946842083693,0.23115048954999057,0.2710074824345287,0.21131956714714462,0.23605002156101768,0.2826193336002491,0.2942093330814283,0.28950774097684895,0.32439442133594326,0.3080260303687636,0.27432081266241437,0.3049105094079853,0.3119512306082526,0.2916774249074791,-0.12750654289760507,-17.395856393923726,280.17930891568477,0.8283441645802566
Slovenia,SVN,CO2 Emissions Per Capita,20.78988977563257,22.6621431513107,22.528347760123943,22.218599473476665,22.877570703130473,23.269534046930875,23.648761817917272,23.893472601259976,25.863955151000642,22.29277731288753,22.682301760778063,22.712758956237767,21.82713030008862,21.534992368272473,22.16241738183687,22.31455936111451,23.73368731822403,23.961168377865146,23.760756671266712,20.704329794554162,18.500166296061828,19.067307359449057,-0.011413687652695655,-8.88776496370942,48.90333390568501,0.2257696145171001
Slovenia,SVN,Renewable vs Non-Renewable Energy Generation,0.40172026748971196,0.3649498018494055,0.30530802932761086,0.28668522483940045,0.3812527134587555,0.3097383469069485,0.3244882579740624,0.2897297668038409,0.3562649904887933,0.42680610647181627,0.40622808624756834,0.3186306065100612,0.3795115817040128,0.46490995066485186,0.6105946862618593,0.4052429248722508,0.44199376449375927,0.3744490198914364,0.47166813485534603,0.45566428326077263,0.48091663553192426,0.5224955893727619,-0.011413687652695655,-8.88776496370942,48.90333390568501,0.2257696145171001
Sweden,SWE,CO2 Emissions Per Capita,14.450258050256146,14.609685129654357,14.99930346966338,15.51728368709931,15.451315096929115,14.503080497613839,13.561191222074093,13.459552301507244,12.654648944313104,11.53857790969848,12.882041584640682,11.437922213945223,10.455153289911706,10.038893109740766,9.52930505821407,9.574236214926424,9.464782813812434,9.65273699528461,9.696504722357679,8.974798359783502,7.361706117347256,7.785836053092745,-0.31192556688335304,-1.8083658452240152,641.1661060375571,0.952368151399391
Sweden,SWE,Renewable vs Non-Renewable Energy Generation,1.3382548047516338,1.0641733805047513,0.9411915729593862,0.7656613693844028,0.8160942407123709,1.0521603967580542,0.9823003275479996,1.0828973265700435,1.1861883967984406,1.402031023066086,1.235073997171316,1.2679720132092829,1.4403841645666062,1.1732540617418217,1.2623560839586796,1.7192721147492218,1.3325855766296097,1.373830789686669,1.261686990463272,1.423373521710356,2.16952988972722,2.0644833306576764,-0.31192556688335304,-1.8083658452240152,641.1661060375571,0.952368151399391
Eswatini,SWZ,CO2 Emissions Per Capita,3.555219498183399,3.494095522740629,3.383580945728481,3.155965897145534,3.1081414375039875,3.107691120137776,3.1173539098201317,3.2076972457767834,3.1087143218916014,3.2631703090550066,2.7428242644919627,2.56465034364028,2.530576306138681,3.058893452583744,3.089687260906058,3.117216279402012,3.307268721707378,3.3275503348127047,3.301724536119432,3.516197233614879,3.4165358415455827,3.474822343242434,0.003891302439902411,-0.001317241930130068,-4.1749025576309595,0.2202604910876127
Eswatini,SWZ,Renewable vs Non-Renewable Energy Generation,275.187,293.785,302.495,314.472,328.23499999999996,317.75300000000004,341.84999999999997,370.55199999999996,353.786,396.83,415.07099999999997,458.58299999999997,459.383,423.795,459.68399999999997,427.33799999999997,335.913,305.974,377.711,414.998,0,460.219,0.003891302439902411,-0.001317241930130068,-4.1749025576309595,0.2202604910876127
Seychelles,SYC,CO2 Emissions Per Capita,33.39901281654362,36.17853431245536,31.54101275252917,32.0592651277467,45.31567724595332,40.99058523437688,44.01233822009457,36.28763454188374,37.98745008970054,41.11549526907833,36.3609437674056,31.141603298223945,35.258854365083856,31.14115176377724,35.592077671603235,36.8436004346011,39.401016709443695,39.73560292353119,35.349235123292196,36.474153475032004,36.687508835896075,37.93913729875677,0.09624585282919074,-43.412335144560245,-156.16862175180495,0.007029569284389581
Seychelles,SYC,Renewable vs Non-Renewable Energy Generation,0.0,0.0,0.0,0.0,0.0,0.0,0.0,0.0,0.0,0.0,0.0,0.0,0.0,0.020635139353274823,0.023003496156433698,0.02282998686686795,0.023097761631898934,0.023402457571880354,0.028167696499846483,0.023571163364927074,0.03053967530671031,0.04728154126554104,0.09624585282919074,-43.412335144560245,-156.16862175180495,0.007029569284389581
Syrian Arab Republic,SYR,CO2 Emissions Per Capita,8.341473650041877,8.24401113286579,8.102996338969755,7.878095015284455,8.163447354283816,9.873064118349358,9.943872949060493,9.872456829962609,9.773458422695029,8.88311227806381,8.712043312737384,8.078063592097974,6.356426534080506,4.501370731269114,4.213821622378618,4.165314650611413,4.068541597580542,4.270950294976557,4.693515112010714,4.233652524988368,3.8340589351980343,3.881117964673934,-0.37036883956477684,-13.206943482760458,752.5730956120428,0.7016936282134865
Syrian Arab Republic,SYR,Renewable vs Non-Renewable Energy Generation,0.14847989629764394,0.1477761136383143,0.09709168001875805,0.1011112358736598,0.1505446677633932,0.13742489676260128,0.11876357884684254,0.0998899442611762,0.0761002778214604,0.04585999710438685,0.05993770110221126,0.08563135615094729,0.11704518621873992,0.132321545371299,0.1105357974117866,0.023615112658962586,0.05474602272727273,0.03879181625928294,0.030704736024844723,0.03049331769321001,0.03240460919186096,0.03391909114255827,-0.37036883956477684,-13.206943482760458,752.5730956120428,0.7016936282134865
Turks and Caicos Islands,TCA,CO2 Emissions Per Capita,2.8976009869825017,2.9375342905301864,3.8467785105350036,3.9160342748056483,3.7998764309764317,4.335872069181081,5.157724816937282,6.166560716461092,6.632807118372111,7.105094835730031,7.727618276929287,5.713753079569054,5.895546968922414,6.818133119009346,7.144564156066885,6.875289807871258,7.158018224128017,6.7519527406886874,7.285737267095718,8.021177135561745,6.62436478001626,6.279044243472091,0.25602830030913204,-179.49074535507674,-508.6280549459848,0.7719625873781562
Turks and Caicos Islands,TCA,Renewable vs Non-Renewable Energy Generation,0.0,0.0,0.0,0.0,0.0,0.0,0.0,0.0,0.0,0.0,0.0,0.0,0.0,0.0,0.0,0.00020434782608695653,0.00019183673469387756,0.0010102389078498293,0.0026692607003891053,0.005638461538461538,0.005749019607843137,0.015064638783269963,0.25602830030913204,-179.49074535507674,-508.6280549459848,0.7719625873781562
Chad,TCD,CO2 Emissions Per Capita,1.0224247862700424,2.0468837146279504,1.9822915509637582,1.9333169413875002,1.8610564001488326,1.796080418994,1.73925576044024,1.6990561898829692,1.6284469327119013,1.5772747032740069,1.5331988464300192,2.2733454707157894,2.323192087107502,2.2612603419020965,2.198582585719077,2.1613601783105474,1.9190920014514223,1.9679758907068357,1.92984986852907,1.8861172934654509,1.7738495362578157,1.741822995924269,0.015326908386884804,1.6639992045327723,-29.049301386606682,0.09451755800806627
Chad,TCD,Renewable vs Non-Renewable Energy Generation,0.07066381156316916,0.07494646680942184,0.076017130620985,0.06993407853253081,0.0638196235788669,0.07432884303047674,0.07432884303047674,0.065,0.06749999999999999,0.07416666666666667,0.07365,0.0708,0.07209166666666668,0.07365833333333334,0.07496666666666667,0.02880174425746223,0.056540965483355854,0.057026163861933425,0.057741677926544645,0.057741677926544645,0.05894546124554723,0.05918191868320845,0.015326908386884804,1.6639992045327723,-29.049301386606682,0.09451755800806627
Togo,TGO,CO2 Emissions Per Capita,1.3077662955630303,0.8300711202532112,0.885135530029321,1.0352354142712754,0.9656184582526689,0.90084923411088,0.8267145246023314,0.814042800234211,0.9783001848779954,1.6528545515410813,1.472418246750727,1.3260089124201029,1.1912767342295354,0.9506472620007039,0.8169703669524502,0.7692249854781649,0.9261620333690364,0.839426194495081,0.9007307340084025,0.9431978754579289,0.9250146435094486,0.9734683788424271,-0.006180690053348851,-0.004407128886969574,13.442983696212156,0.023798361425969472
Togo,TGO,Renewable vs Non-Renewable Energy Generation,1.7763041032624785,2.6991176470588236,3.2937857142857143,5.1339565217391305,2.4835368421052633,2.3130980392156864,1.1466666666666667,1.1194029850746268,1.6761068084614497,1.8752729421234255,0.9666631831957363,1.6994266441821249,0.8203756414268613,0.31208023980876015,1.6393630677628164,0.17314164102092997,0.309031320486232,0.4757606631778817,0.29205830959874746,0.3102864754414023,0.17515920466779714,0.26041431646347185,-0.006180690053348851,-0.004407128886969574,13.442983696212156,0.023798361425969472
Thailand,THA,CO2 Emissions Per Capita,8.831872926785037,8.446042185523272,8.923107656715127,9.243304463442213,10.065359659280924,10.314809932702694,10.319636599839939,10.531155851966114,10.500561309126175,10.136418859496942,10.735424333565264,11.176980848253615,11.893519823908555,12.254439315049764,12.01051798292656,12.314424927992484,12.333521794279513,12.328965117831899,12.176423809272217,12.607603281595019,12.239017829495085,12.275403416006034,0.21802598523402844,-2.106188453306144,-427.07001633798035,0.9022414039375777
Thailand,THA,Renewable vs Non-Renewable Energy Generation,0.07283792697710904,0.0708380496163395,0.08062464423502626,0.07762102440234013,0.061459461365273325,0.058308419794847154,0.07403869834110434,0.0739970790804755,0.07131708280532092,0.07412541116108573,0.05963453390530707,0.136277011431962,0.13126002894719047,0.12765177797593832,0.1357558305212238,0.13881798542670037,0.2570726343769208,0.2400628207880668,0.2939001666611194,0.3139082592551941,0.21496858026122642,0.23073485568641966,0.21802598523402844,-2.106188453306144,-427.07001633798035,0.9022414039375777
Tajikistan,TJK,CO2 Emissions Per Capita,1.2418316521063772,1.1408623936425015,1.118885440069217,1.11422244372867,1.3170869546039197,1.2225549393179105,1.3201217925765187,1.5441716381315373,1.421565635219377,1.106530934729901,1.0929023579665589,1.0838037549749069,1.3023782659002547,1.3139662128331089,1.7618582390503017,1.7954422516586284,1.9956295718964054,2.24525254346383,2.587727321099212,2.8012722403537835,2.881381877601523,3.134109284000597,0.07017925279631713,-0.003923237668890135,-139.12724668478873,0.8462180285926741
Tajikistan,TJK,Renewable vs Non-Renewable Energy Generation,63.333333333333336,80.68181818181819,110.14492753623189,94.79768786127168,107.49342105263158,137.9471544715447,71.36752136752136,21.94102564102564,24.420401854714065,41.08527131782946,241.1764705882353,202.5,136.29032258064515,193.98863636363637,50.975,48.285714285714285,26.2544921875,16.955999020568072,13.778393916913947,12.837892533934399,12.837893197460817,12.837893197460817,0.07017925279631713,-0.003923237668890135,-139.12724668478873,0.8462180285926741
Turkmenistan,TKM,CO2 Emissions Per Capita,26.621550768067102,26.779816627019862,28.262742874605657,31.018845447603574,32.59035504125489,33.20637353234645,33.76097212269045,37.11293111217869,37.09961616467811,31.996127950492546,35.65201329829138,38.02353790499237,38.3639965751806,36.281465167771415,34.87678601669176,35.23361821341485,34.80096723268276,34.21042669161815,33.441888701788244,33.03401009089993,32.71645202368217,33.41972054201807,-0.9719823840681683,-126034.54056656957,2012.7209925077445,0.6617415339923662
Turkmenistan,TKM,Renewable vs Non-Renewable Energy Generation,0.0003203656678517014,0.00029726672950047123,0.0002947663551401869,0.00029203703703703705,0.0002645973154362416,0.00024602184087363496,0.00024003557458116115,0.00022480975990830842,0.00021078008479721573,0.00020212478392065943,0.00019612000753638077,0.00017269245997014512,0.00016338399860424272,0.00015552929320763044,0.00014189949160930398,0.0001408494481059545,0.00013291125371468833,0.00013291125371468833,0.00013291125371468833,0.00013291125371468833,0.00013291125371468833,0.00013291125371468833,-0.9719823840681683,-126034.54056656957,2012.7209925077445,0.6617415339923662
Timor-Leste,TLS,CO2 Emissions Per Capita,1.0471757593697344,0.7972823490679183,0.7419225297068397,1.3444525817371138,1.8482725824507475,1.4629287072390447,1.4055201374672723,1.2988109533217833,1.2996849836445281,1.3765251449969031,1.3745404258759413,1.4281065027457918,1.9078008993773268,2.3017063195457816,2.317245797287375,2.1873799229233715,2.087404465433355,2.139288404847033,2.094696209122356,2.0779291828265016,1.719687255720214,1.723504809446592,0.053049392160791284,6.521617639876166,-105.05062798986285,0.5790128964561856
Timor-Leste,TLS,Renewable vs Non-Renewable Energy Generation,0,0,0.0,0.0,6.228330599788236e-05,0.00012305799107829564,0.00018939582731087828,0.00019536439366706784,0.010352302819461031,0.009030058439401118,0.009041600814899214,0.011595542438214874,0.015742745903792384,0.00842502676371284,0.007023700307855257,0.006281636884796,0.005325532241789545,0.004165647149429806,0.0039494651013322075,0.0034528216884414423,0.003743070409009559,0.0037319346983472864,0.053049392160791284,6.521617639876166,-105.05062798986285,0.5790128964561856
Tonga,TON,CO2 Emissions Per Capita,3.7061347621414575,3.377588237573878,3.622291000346808,4.276653127095106,3.7605286232053774,4.092894611343046,4.48566607081646,3.625152437029952,3.9983705073317615,4.407013453016501,4.230632723987967,4.040301563130163,3.9719309126341837,3.928879590901026,4.319291451615928,4.492922983735699,4.760668556859999,5.9333599891856,5.225264786115072,6.408189584472755,5.136346252588976,5.301983419451598,0.036073422249428985,7.06475153522811,-68.45302458866195,0.6875528792940515
Tonga,TON,Renewable vs Non-Renewable Energy Generation,0.00189873417721519,0.0019705429098350303,0.0026832999882311407,0.0024767532806118015,0.0023794118260942166,0.0022449783379283185,0.0028414436791991265,0.0027674431391235817,0.00277211727341154,0.003155856727976767,0.003153841688756458,0.0030885250871608306,0.022718506518552804,0.05612006540527914,0.07274349673139222,0.08564853791322892,0.09208403419038139,0.10276699512292226,0.12198225238157379,0.14564915382672391,0.16570932617958023,0.1654702364987457,0.036073422249428985,7.06475153522811,-68.45302458866195,0.6875528792940515
Trinidad and Tobago,TTO,CO2 Emissions Per Capita,36.61952045971973,41.3845696808602,44.530114620450455,51.34936803497178,54.699792261374775,63.835756617424195,70.37258545709662,71.52277850195799,69.64381111327303,67.04381377057089,73.54926794516896,73.87738923465866,68.12618747295294,66.94354819886321,66.48448369398501,65.11998557777585,57.51548134591956,57.746484451919954,55.06685164108142,55.02108964015381,50.15169411921243,49.87508128072843,-0.858607920785939,-5768.40919647342,1795.9227383776765,0.3156628293840348
Trinidad and Tobago,TTO,Renewable vs Non-Renewable Energy Generation,0.0037920653097410512,0.00536707820400579,0.004476667157367878,0.002172255382980718,0.0038222109321299426,0.003523639988607234,0.0040456720071206055,0.0028923528190219084,0.00045542410886878525,0.0005002984771315713,0.0005195172543843108,0.0005024678833198445,0.0006823066962026148,0.0006554608954113632,0.000629671606238885,0.0006075199017400904,0.000625124925044973,0.0006300362610797744,0.0006784164123192611,0.0006810668850145686,0.0006780487804878049,0.0006753619016636361,-0.858607920785939,-5768.40919647342,1795.9227383776765,0.3156628293840348
Tunisia,TUN,CO2 Emissions Per Capita,6.348733113144268,6.521050669411473,6.422776002245171,6.31362444194009,6.565849686049421,6.683304940999256,6.8343444372607065,7.012832179422415,7.026079727406705,7.050101803847448,7.714712185877221,7.685362732639336,8.047176876074502,7.951472279811727,8.352809409317464,8.43098341195138,7.52492033856518,7.627465531180227,7.552961585064528,7.478604409927405,7.048208096254126,8.67578878745776,0.09362238168903524,-6.6163430871709,-180.79397698487588,0.6057809025209209
Tunisia,TUN,Renewable vs Non-Renewable Energy Generation,0.008843525179856116,0.0074005196733481805,0.008577009028336462,0.01732086664947124,0.0162544668352778,0.004607566302652106,0.009403301886792455,0.006493104165222815,0.005312683382235263,0.011730461578809337,0.011864276885043263,0.010291041577368194,0.01779881690140845,0.024236421369283046,0.031890625839376845,0.02968851344282875,0.03055640505539086,0.027390262097776893,0.028710512102911576,0.0333812993606619,0.03265628305349069,0.02988004678763395,0.09362238168903524,-6.6163430871709,-180.79397698487588,0.6057809025209209
Turkiye,TUR,CO2 Emissions Per Capita,9.837304205552686,8.908494989781934,9.141136620740445,9.694655415970194,9.96503388900875,10.640981393343965,11.282114806493718,12.583308566898147,12.26532170826423,12.27637751833356,11.97128190496178,12.761251973640363,13.363944376441646,12.846070709100523,13.376163994480876,14.0769677603805,14.691378206404956,15.408454075829951,14.934633857514621,14.19271899239084,14.364612769168145,15.810987680736302,0.3602645950236719,-3.4194141493215424,-710.4878611697663,0.9511154142802384
Turkiye,TUR,Renewable vs Non-Renewable Energy Generation,0.3322471312174729,0.24747604671728723,0.3559202275918436,0.3386003408809583,0.4436685411018614,0.3252697859387274,0.3378852758827413,0.23508132765101447,0.20992316932626814,0.24349404165416702,0.35834029171168386,0.3392380104498088,0.3743083543722745,0.40512325809961736,0.26404034936338006,0.4696770077192982,0.4900425058236454,0.41533818293276364,0.4722460706978493,0.7706030418000356,0.7196094787546152,0.5484337097031347,0.3602645950236719,-3.4194141493215424,-710.4878611697663,0.9511154142802384
Tanzania,TZA,CO2 Emissions Per Capita,1.7938507459906223,1.768319422606619,1.7706020195397247,1.7425256678390946,1.801364346291439,1.8076748155434503,1.7801802665210331,1.7200428831788055,1.6897295672979358,1.6330302689619187,1.6662566345101664,1.6966098032164794,1.7663553960429987,1.7962475359030803,1.6859993617576319,1.6658833542118585,1.8255425760712853,1.827064217160059,1.784460871110933,1.8903202682984477,1.811016580601116,1.8381017516829425,0.006525929160509389,0.0010082024499229103,-11.377182232883845,0.20297882041708648
Tanzania,TZA,Renewable vs Non-Renewable Energy Generation,89.24145207409305,92.82037096312399,91.04626077573532,85.79172193886198,32.75731071222316,1.2937276695747344,1.0514892885339318,1.8360804660016408,1.6282418099547407,1.324177583674309,1.198782817140587,0.8690835031386148,0.7735678165368705,0.6492398773554041,0.9805439675151901,0.5490291596833354,0.5687987905714055,0.5648357713995095,0.5022864861119688,0.5308247231130088,0.7471349073877842,0.7475453605092355,0.006525929160509389,0.0010082024499229103,-11.377182232883845,0.20297882041708648
Uganda,UGA,CO2 Emissions Per Capita,0.8016453882666269,0.7794410433574651,0.7783048433965196,0.7655768649323598,0.7519983262410888,0.7746679502342111,0.7939507972115883,0.8252461215403246,0.8261035886035801,0.8407372708397798,0.8014951600607116,0.8257576152239063,0.8175181372552595,0.8014225360801303,0.818429313232061,0.8584071967883754,0.8612112785647699,0.8526535964922446,0.881454322715706,0.8642658864636913,0.8175617266864471,0.836553812468844,0.003137236201458092,-1.6029381175419355e-05,-5.483451042862352,0.6608731711787968
Uganda,UGA,Renewable vs Non-Renewable Energy Generation,1338.5966666666668,1340.43,1450.25,1501.8941666666667,1621.9541666666667,8.718675799086759,3.298609739133259,2.4535751391465674,2.3756169954576016,1.48203120643312,1.4043594000850748,1.7391061977388746,9.665473529950543,1921.0094444444444,37.58945180232309,38.45783295558337,53.73283987915408,15.303733026999776,16.915396052469013,41.68802102039659,76.33684210526316,45.24702250509747,0.003137236201458092,-1.6029381175419355e-05,-5.483451042862352,0.6608731711787968
Ukraine,UKR,CO2 Emissions Per Capita,16.28638903360345,17.629840869870783,17.366796423565017,18.047921300336444,18.621105761012277,18.948049901591485,20.23793636931228,20.47233138554598,20.25866609146761,17.321796272260958,18.29352884214363,19.570543364028154,19.326658351234702,19.292146942530753,16.913535458186168,14.709276071268583,15.555153738124039,14.839587129904249,15.6802960659459,15.137300219462345,13.56233599563891,14.233622623477167,-0.13389553348843913,-33.922611804103745,289.1056588150011,0.44508309710326766
Ukraine,UKR,Renewable vs Non-Renewable Energy Generation,0.07042737177285924,0.07486763938256569,0.05880488771063778,0.054175847940569635,0.0691751917783295,0.0714057839151416,0.07159592153385792,0.05634722416595796,0.06471215882265136,0.07161453189808414,0.07318189051559516,0.05798505397176861,0.059869753362750744,0.08432050695614339,0.06306047459904662,0.049939404622313506,0.0640534013555075,0.08375190468449055,0.09371129077625831,0.09020991363071508,0.12917980734873075,0.12917980734873075,-0.13389553348843913,-33.922611804103745,289.1056588150011,0.44508309710326766
Uruguay,URY,CO2 Emissions Per Capita,1.660125276712641,2.0926732866011766,1.6478763337981828,1.5798149481512007,2.6608324256646663,2.542934034931195,3.4367617062609384,3.062323470378841,4.77682219946129,4.704163564139952,3.531880392859262,5.637472110165376,6.51043637376514,5.488488975742197,4.684808596493399,4.812272586720771,6.241207311807547,5.905861862544563,6.282773382409668,6.688644438280265,6.2476011208234485,7.940480608593627,0.2579885001739604,-0.0013144666430801185,-514.1230368404001,0.8815316582293845
Uruguay,URY,Renewable vs Non-Renewable Energy Generation,14.14795714399936,439.0137592839459,295.29478430040456,696.0726429675427,4.395941086600941,6.9167483819345845,1.8042042888680239,6.602173187957605,1.5805419949125559,2.2845813606559795,8.210343768288059,2.9375771408476274,1.8264900630455403,5.268621831750777,16.821844787182606,13.263844639304155,28.811863228810516,56.32199717493835,36.3364310180246,50.085239659193675,15.43386926004802,5.463714838873224,0.2579885001739604,-0.0013144666430801185,-514.1230368404001,0.8815316582293845
United States,USA,CO2 Emissions Per Capita,65.97819595833408,64.2275745823295,64.29178690025944,64.36288860268431,65.24900639557077,64.71030375512005,63.18742995458753,63.48214492931336,60.53442989199922,55.80772362731873,57.13319328605119,55.18678094385239,52.812195981726155,53.88077511937315,53.97846962076377,52.44335878873213,50.72333794755593,50.17908409782554,51.54501168827269,50.389054658010444,44.04470179945968,47.43695221515903,-0.8279695842788982,-21.607639893241466,1724.5157565676523,0.9312955716018266
United States,USA,Renewable vs Non-Renewable Energy Generation,0.08875258166785455,0.07224260606660803,0.09401528470425059,0.09685593702898238,0.09379074838565327,0.09322550973572126,0.10118977207727732,0.0907253365449473,0.09831518824993922,0.11402948143100221,0.11191077754242076,0.13845356930936545,0.1357448358029116,0.14392138940739296,0.14833318182275165,0.1516354910476109,0.1728853673389305,0.2012679398381957,0.20019578208739336,0.21161139418792543,0.24103383645330403,0.24691409883264304,-0.8279695842788982,-21.607639893241466,1724.5157565676523,0.9312955716018266
Uzbekistan,UZB,CO2 Emissions Per Capita,15.669778508381198,15.17080643102492,15.39828040416511,14.276221359804282,14.472440824919243,13.557046427446785,14.361256409766593,13.753195301808846,14.144099275898443,12.614767398135948,13.366201102743464,13.569496839812674,11.767563479050867,11.413909882684374,10.500490359259633,9.784943621053776,10.192297538424821,10.44707770798985,10.734646661680234,10.958236882373173,10.534340530876767,10.986727423349787,-0.2835540793153364,-3.3270939481403365,583.288341546074,0.8622465395688921
Uzbekistan,UZB,Renewable vs Non-Renewable Energy Generation,0.14344272294741978,0.1434486411015623,0.14344680456358408,0.18238391574916227,0.2198097096852891,0.21271875770273602,0.2193486590038314,0.15041128084606345,0.29863301787592006,0.22968980797636632,0.1981893809640323,0.19194312796208532,0.1961734076047469,0.190009287054409,0.19001045966228894,0.19001350844277676,0.1613867992089329,0.15591493480850077,0.11173697485082659,0.12662103746397696,0.10469549636953474,0.08392968134574667,-0.2835540793153364,-3.3270939481403365,583.288341546074,0.8622465395688921
St. Vincent and the Grenadines,VCT,CO2 Emissions Per Capita,0.7053724302144745,1.3247763756038755,1.4929542864698102,1.624523744562719,1.7670810874893434,1.8194059771694797,1.983918581672306,2.1708420955749657,2.2806841101925377,3.506324595775674,2.7770429877044687,1.984892633138,2.6289691623104474,2.607757356910191,2.8290629021999405,2.799595537273905,2.9596349480479036,3.144382296374195,3.187099676104901,3.079092505051275,2.621901722226469,2.5396214680059814,0.0633148281463237,-4.023413950919873,-124.09615878747674,0.7027726506821453
St. Vincent and the Grenadines,VCT,Renewable vs Non-Renewable Energy Generation,0.34985422740524785,0.22415940224159403,0.2756892230576441,0.22857142857142856,0.2884615384615385,0.2448210922787194,0.2087578757875788,0.1918412162162162,0.20496103896103895,0.22487510766580535,0.21212121212121213,0.27106278498772357,0.20912962853199435,0.1944762161071116,0.09424649916196155,0.1370184645286686,0.12289420176024547,0.1639921509621276,0.19934405247580192,0.17935837776202657,0.20262694089781727,0.1767156199519487,0.0633148281463237,-4.023413950919873,-124.09615878747674,0.7027726506821453
"Venezuela, RB",VEN,CO2 Emissions Per Capita,23.50891534669473,21.475352531126855,21.831653894572913,20.717617378911484,21.074724409459026,21.724279940499724,21.31795749226784,20.77385896122364,21.427864603543664,21.296825258829706,22.150429104703456,22.201669876700908,23.956658824680712,23.466953663347855,22.9914326523822,20.938816423120347,17.225709476978714,16.302250368307778,15.499371763629116,13.3965322551334,9.67762144877093,10.996361830217143,-0.4095234590092049,-1.5089131019340285,846.5989777618711,0.6752067326696429
"Venezuela, RB",VEN,Renewable vs Non-Renewable Energy Generation,2.809291936564664,2.036559067322596,1.8421313200074263,1.9270342544250605,2.460757804544018,2.743093233883857,2.831269169384498,2.666079922965816,2.67574870594035,2.556092089911,2.074977332900575,2.4364400393442396,1.7246234689280286,1.5493011680711155,1.5454703845468292,1.3918061587516146,1.143957835576527,1.401377310153809,1.4009549614772763,1.5122358650405954,5.34679937010499,5.34679937010499,-0.4095234590092049,-1.5089131019340285,846.5989777618711,0.6752067326696429
British Virgin Islands,VGB,CO2 Emissions Per Capita,4.209170776959811,4.178726581788256,4.444437316798196,4.81088183513784,4.853714144838212,4.908193156573179,5.596591082514495,5.9641196657536435,6.509758204097261,7.285617430853424,8.023419400493541,6.207360907660398,6.536816693642025,7.784457340265904,7.951157019088056,7.674254205543824,8.067647735297086,6.797302162341982,9.405493126751278,8.253279745181313,6.939496505985118,6.656604684788896,0.36272168765853874,-152.06881617672443,-721.6917349073661,0.7781496106210122
British Virgin Islands,VGB,Renewable vs Non-Renewable Energy Generation,0.0,0.0,0.0,0.0,0.0,0.0,0.0,0.0,0.0,0.0,0.006527281998980112,0.006694560669456067,0.006494165398274987,0.006507371631926793,0.006490872210953348,0.008972407231208374,0.012081218274111677,0.015996503496503497,0.01736277602523659,0.01968125,0.023106250000000002,0.02308383233532934,0.36272168765853874,-152.06881617672443,-721.6917349073661,0.7781496106210122
Viet Nam,VNM,CO2 Emissions Per Capita,1.1661969421404055,2.4970468192568176,2.903210239679648,3.0187984563273824,3.5390994578175827,3.7871633786350944,3.8370239311009424,4.199951992436636,4.579267554523164,5.0531353530338015,5.561171690507371,5.034733485372582,4.95720377560799,5.138441208148572,5.580336046809146,6.227742504848443,6.998296314834197,7.102748376974868,8.689455301712604,10.213061048344988,10.36213677760851,10.0358622903106,0.3588613142546285,-1.3869622880274268,-715.0233075447618,0.9165344810697735
Viet Nam,VNM,Renewable vs Non-Renewable Energy Generation,1.0890366539043215,1.1127318062058604,0.9509304638771345,0.77671514276192,0.6326487326050978,0.5296390040197567,0.4910795773728581,0.4792074655430452,0.5427241883625817,0.6021936508645904,0.6612630616424764,0.7208608111432279,0.9564252117605289,0.8823582478105155,0.7753428303099607,0.5764949113813994,0.5911312340513184,0.8630674746215352,0.6920061705079198,0.47199629237947943,0.5720406332011151,0.7478675124287302,0.3588613142546285,-1.3869622880274268,-715.0233075447618,0.9165344810697735
Vanuatu,VUT,CO2 Emissions Per Capita,1.6617025156970753,1.8229282103596334,1.7087363067408785,1.924610249061556,1.4519392405824256,1.460456883868181,1.286030779417108,1.93943151349931,1.9004307217292438,2.170233910025074,2.268819172835533,2.589114649573806,2.0732823281373274,2.0185805149620166,2.267776218792488,2.037382571209457,2.0573883290963146,2.3134808300745244,2.9157813161205253,2.8854506663184454,2.265584337167332,2.3005629780313783,0.04438185438658604,0.14286679157467036,-87.19745917129566,0.5434168415288387
Vanuatu,VUT,Renewable vs Non-Renewable Energy Generation,0.018664377169733844,0.018664377169733844,0.018664377169733844,0.018664377169733844,0.018664377169733844,0.018664377169733844,0.018664377169733844,0.018664377169733844,0.03852454863280919,0.15349444807315482,0.21626778899311622,0.19451164719706918,0.29652789514205774,0.5108885298869144,0.34267729113972195,0.42445813854653636,0.266398342904296,0.2613166124395868,0.3061698717948718,0.3759292322674891,0.39718973642869615,0.33607498733322066,0.04438185438658604,0.14286679157467036,-87.19745917129566,0.5434168415288387
Samoa,WSM,CO2 Emissions Per Capita,4.435210648450068,4.5601523634991645,4.570967797245886,4.6358592082799825,4.523028557416533,4.685280328533713,4.6960513978318605,4.7918387235271265,4.956825640476153,5.1908006562927085,5.412341214093449,5.493333869448081,5.439854620035939,5.4563527085261,5.499725269606508,6.250231106542682,6.573578383217218,6.669677559601215,6.4761116766729785,7.2620416828295715,5.854449434929673,5.960724306101553,0.10785148963842062,-0.26643905130178436,-211.21379651843108,0.8100547464391197
Samoa,WSM,Renewable vs Non-Renewable Energy Generation,1.175512621215486,1.101499862494976,1.0173560890945907,0.920997172037394,1.0118193719690964,1.00107697740113,0.815705386825033,0.7646815794133269,0.6940846286701209,0.6949661790152587,0.5683888444425731,0.3947968556904613,0.4440179224814163,0.3700591347650171,0.34992920446798464,0.4235316116432237,0.45759757334620194,0.5639001363257168,0.7423443136150438,0.682993989518668,0.9070985493953804,0.9661485361202965,0.10785148963842062,-0.26643905130178436,-211.21379651843108,0.8100547464391197
"Yemen, Rep.",YEM,CO2 Emissions Per Capita,2.6381913114173297,2.758619296295335,2.6626561715422166,3.01442050891685,3.080247772941889,3.206791420026133,3.1813190413787513,3.2376532303591734,3.288830734779762,3.6133344844558093,3.3208833331191396,2.842730376348201,2.576637600644402,3.3534702414786364,3.2162029720857737,1.5113582734864968,1.1191837848477293,1.048918326888554,1.2086457362370024,1.194866212846222,1.0624137596632097,1.105809531399605,-0.0441258566962058,-7.215938337647773,91.45887806934647,0.6568692572907777
"Yemen, Rep.",YEM,Renewable vs Non-Renewable Energy Generation,0.0,0.0,0.0,0.0,0.0,0.0,0.0,0.0,0.0002798826692740161,0.0002859725288565544,0.0002515861144065611,0.0004015151515151515,0.00037424535904650145,0.0005397012116221621,0.001116774096837056,0.020584484590860787,0.03337497307775145,0.05023340248962655,0.16125541125541126,0.1734419770773639,0.20307023274806044,0.2031016741527154,-0.0441258566962058,-7.215938337647773,91.45887806934647,0.6568692572907777
South Africa,ZAF,CO2 Emissions Per Capita,21.669766218981596,22.67368936064275,23.261804223004752,24.50855334923165,26.158912332919193,26.322563251223094,26.306817635547223,27.228289577361785,28.58606785208947,26.562554170711383,26.981158930280106,25.660252956749016,26.25867101337579,26.61918703259124,26.77564776551885,24.990153209961022,24.742427695151036,25.23651630243275,25.1461712100888,25.08317453511802,21.743928947719695,21.54084790718924,0.2679072447845511,-167.65382105262535,-510.6280777105317,0.6878630019868914
South Africa,ZAF,Renewable vs Non-Renewable Energy Generation,0.012669124416595276,0.014086447822001398,0.008015908646684545,0.0053521285827387785,0.004850170936461784,0.00651519678984592,0.011169895174146178,0.006758916525848323,0.006132588235421726,0.007058207791898066,0.009123426740061474,0.00972219490514721,0.007167962888920417,0.006648156504082677,0.01041970797685438,0.016784806683681104,0.02116887075028573,0.0294106289614822,0.03636208881898993,0.03861903808958557,0.0469214144109638,0.05443809286816369,0.2679072447845511,-167.65382105262535,-510.6280777105317,0.6878630019868914
Zambia,ZMB,CO2 Emissions Per Capita,2.4695067445235814,2.414185708564119,2.373526319495819,2.3480896751634277,2.292509705810848,2.26546534254168,2.163980390035824,2.0320960545870035,2.005642067519668,2.0014706861428375,1.9784372622096469,3.0758315051633227,3.1985134206571626,3.135312944044021,3.1301362726654234,3.1051108685069084,3.0807886325431286,3.2399954586221082,3.313233083535543,3.2184921621457376,3.118772762269508,3.13406734573932,0.033472741793283405,-0.000742400437314753,-64.3082596902129,0.6910280909426749
Zambia,ZMB,Renewable vs Non-Renewable Energy Generation,371.40521327014216,427.46492890995256,595.5727142857143,596.3113571428572,578.5236428571428,605.7693585219016,656.22147606383,782.2638549467875,761.6424214346383,778.3203876367375,779.0687410586553,565.7987677725118,668.7876144318794,681.0495918367346,34.281952202846455,32.38918417799753,16.547979406058797,6.312671136345333,5.511421037862774,4.815858605742695,5.880886735340357,11.524336466084396,0.033472741793283405,-0.000742400437314753,-64.3082596902129,0.6910280909426749
Zimbabwe,ZWE,CO2 Emissions Per Capita,4.604190835980639,4.602526377179103,4.256451576367225,3.6389977263670863,3.467275168879622,3.7059527769599923,3.484473750191598,3.425768275391131,2.86069324043391,2.7736946783902914,3.236551695820743,3.7123976922696023,3.7814321157911555,3.791861025425841,3.653005169405085,3.5470160635826224,8.376249032983726,8.074304726813272,8.248287378030989,7.882612449370247,7.315058915614411,7.314511150138019,0.21925148545267173,-1.0136992728644296,-434.3529791968881,0.5891527235237226
Zimbabwe,ZWE,Renewable vs Non-Renewable Energy Generation,0.8672993315709612,0.6293044685634154,0.8107749564624155,1.5434170048267177,1.325590956148117,1.1088991507724344,2.1827815374640354,2.6129197465681093,3.2685524673851387,3.2271077283372365,2.160927728613569,1.3831256558237144,1.5777303496503494,1.3046527769836254,1.299485887004721,1.2266446107084403,0.7386615509481296,1.1304883607357967,1.61286504349251,1.5768170645108428,1.6373555887458118,2.4790716128543457,0.21925148545267173,-1.0136992728644296,-434.3529791968881,0.5891527235237226
